location,latitude,longitude,forecast_issue_time,target_time,forecast_time_hours,start_step_hours,end_step_hours,control_forecast,ensemble_mean,ensemble_median,ensemble_min,ensemble_max,ensemble_spread
Chennai,13.0827,80.2707,2000-01-01,2000-01-01 03:00:00,0,0,3,0.19,0.19,0.19,0.19,0.19,0.0
Chennai,13.0827,80.2707,2000-01-01,2000-01-01 09:00:00,6,6,9,0.1,0.04,0.0,0.0,0.1,0.1
Chennai,13.0827,80.2707,2000-01-01,2000-01-01 15:00:00,12,12,15,0.03,0.01,0.0,0.0,0.03,0.03
Chennai,13.0827,80.2707,2000-01-01,2000-01-01 21:00:00,18,18,21,0.13,0.066,0.1,0.0,0.13,0.13
Chennai,13.0827,80.2707,2000-01-01,2000-01-02 03:00:00,24,24,27,0.1,0.08,0.1,0.0,0.2,0.2
Chennai,13.0827,80.2707,2000-01-01,2000-01-02 09:00:00,30,30,33,0.01,0.086,0.01,0.0,0.29,0.29
Chennai,13.0827,80.2707,2000-01-01,2000-01-02 15:00:00,36,36,39,0.0,0.074,0.0,0.0,0.37,0.37
Chennai,13.0827,80.2707,2000-01-01,2000-01-02 21:00:00,42,42,45,0.0,0.0,0.0,0.0,0.0,0.0
Chennai,13.0827,80.2707,2000-01-01,2000-01-03 03:00:00,48,48,51,0.0,0.0,0.0,0.0,0.0,0.0
Chennai,13.0827,80.2707,2000-01-01,2000-01-03 09:00:00,54,54,57,0.0,0.052000000000000005,0.0,0.0,0.26,0.26
Chennai,13.0827,80.2707,2000-01-01,2000-01-03 15:00:00,60,60,63,0.0,0.0,0.0,0.0,0.0,0.0
Chennai,13.0827,80.2707,2000-01-01,2000-01-03 21:00:00,66,66,69,0.0,0.0,0.0,0.0,0.0,0.0
Chennai,13.0827,80.2707,2000-01-01,2000-01-04 03:00:00,72,72,75,0.0,0.0,0.0,0.0,0.0,0.0
Chennai,13.0827,80.2707,2000-01-01,2000-01-04 09:00:00,78,78,81,0.0,0.004,0.0,0.0,0.02,0.02
Chennai,13.0827,80.2707,2000-01-01,2000-01-04 15:00:00,84,84,87,0.0,0.0,0.0,0.0,0.0,0.0
Chennai,13.0827,80.2707,2000-01-01,2000-01-04 21:00:00,90,90,93,0.0,0.0,0.0,0.0,0.0,0.0
Chennai,13.0827,80.2707,2000-01-01,2000-01-05 03:00:00,96,96,99,0.0,0.0,0.0,0.0,0.0,0.0
Chennai,13.0827,80.2707,2000-01-01,2000-01-05 09:00:00,102,102,105,0.0,0.0,0.0,0.0,0.0,0.0
Chennai,13.0827,80.2707,2000-01-01,2000-01-05 15:00:00,108,108,111,0.0,0.0,0.0,0.0,0.0,0.0
Chennai,13.0827,80.2707,2000-01-01,2000-01-05 21:00:00,114,114,117,0.0,0.0,0.0,0.0,0.0,0.0
Chennai,13.0827,80.2707,2000-01-01,2000-01-06 03:00:00,120,120,123,0.0,0.0,0.0,0.0,0.0,0.0
Chennai,13.0827,80.2707,2000-01-01,2000-01-06 09:00:00,126,126,129,0.0,0.46399999999999997,0.0,0.0,2.32,2.32
Chennai,13.0827,80.2707,2000-01-01,2000-01-06 15:00:00,132,132,135,0.0,0.098,0.0,0.0,0.49,0.49
Chennai,13.0827,80.2707,2000-01-01,2000-01-06 21:00:00,138,138,141,0.0,0.03,0.0,0.0,0.15,0.15
Chennai,13.0827,80.2707,2000-01-01,2000-01-07 03:00:00,144,144,147,0.0,1.6400000000000001,0.0,0.0,8.200000000000001,8.200000000000001
Chennai,13.0827,80.2707,2000-01-01,2000-01-07 09:00:00,150,150,153,0.0,0.726,0.0,0.0,3.6,3.6
Chennai,13.0827,80.2707,2000-01-01,2000-01-07 15:00:00,156,156,159,0.0,0.030000000000000006,0.0,0.0,0.1,0.1
Chennai,13.0827,80.2707,2000-01-01,2000-01-07 21:00:00,162,162,165,0.0,0.12200000000000003,0.0,0.0,0.6000000000000001,0.6000000000000001
Chennai,13.0827,80.2707,2000-01-01,2000-01-08 03:00:00,168,168,171,0.0,0.22800000000000004,0.0,0.0,1.1,1.1
Chennai,13.0827,80.2707,2000-01-01,2000-01-08 09:00:00,174,174,177,0.01,0.124,0.04,0.0,0.52,0.52
Chennai,13.0827,80.2707,2000-01-01,2000-01-08 15:00:00,180,180,183,0.0,0.06,0.0,0.0,0.3,0.3
Chennai,13.0827,80.2707,2000-01-01,2000-01-08 21:00:00,186,186,189,0.0,0.49000000000000005,0.0,0.0,2.45,2.45
Chennai,13.0827,80.2707,2000-01-01,2000-01-09 03:00:00,192,192,195,0.0,1.862,2.1,0.0,3.71,3.71
Chennai,13.0827,80.2707,2000-01-01,2000-01-09 09:00:00,198,198,201,0.0,1.6440000000000001,0.75,0.0,4.67,4.67
Chennai,13.0827,80.2707,2000-01-01,2000-01-09 15:00:00,204,204,207,0.0,1.56,0.4,0.0,5.5,5.5
Chennai,13.0827,80.2707,2000-01-01,2000-01-09 21:00:00,210,210,213,0.0,0.388,0.02,0.0,1.42,1.42
Chennai,13.0827,80.2707,2000-01-01,2000-01-10 03:00:00,216,216,219,0.0,3.2959999999999994,0.0,0.0,15.78,15.78
Chennai,13.0827,80.2707,2000-01-01,2000-01-10 09:00:00,222,222,225,0.0,4.25,0.0,0.0,21.0,21.0
Chennai,13.0827,80.2707,2000-01-01,2000-01-10 15:00:00,228,228,231,0.0,2.6599999999999997,0.0,0.0,13.2,13.2
Chennai,13.0827,80.2707,2000-01-01,2000-01-10 21:00:00,234,234,237,0.0,1.238,0.0,0.0,5.26,5.26
Chennai,13.0827,80.2707,2000-01-19,2000-01-19 03:00:00,0,0,3,0.0,0.0,0.0,0.0,0.0,0.0
Chennai,13.0827,80.2707,2000-01-19,2000-01-19 09:00:00,6,6,9,0.0,0.0,0.0,0.0,0.0,0.0
Chennai,13.0827,80.2707,2000-01-19,2000-01-19 15:00:00,12,12,15,0.0,0.0,0.0,0.0,0.0,0.0
Chennai,13.0827,80.2707,2000-01-19,2000-01-19 21:00:00,18,18,21,0.0,0.0,0.0,0.0,0.0,0.0
Chennai,13.0827,80.2707,2000-01-19,2000-01-20 03:00:00,24,24,27,0.0,0.0,0.0,0.0,0.0,0.0
Chennai,13.0827,80.2707,2000-01-19,2000-01-20 09:00:00,30,30,33,0.0,0.0,0.0,0.0,0.0,0.0
Chennai,13.0827,80.2707,2000-01-19,2000-01-20 15:00:00,36,36,39,0.0,0.0,0.0,0.0,0.0,0.0
Chennai,13.0827,80.2707,2000-01-19,2000-01-20 21:00:00,42,42,45,0.0,0.0,0.0,0.0,0.0,0.0
Chennai,13.0827,80.2707,2000-01-19,2000-01-21 03:00:00,48,48,51,0.0,0.0,0.0,0.0,0.0,0.0
Chennai,13.0827,80.2707,2000-01-19,2000-01-21 09:00:00,54,54,57,0.0,0.0,0.0,0.0,0.0,0.0
Chennai,13.0827,80.2707,2000-01-19,2000-01-21 15:00:00,60,60,63,0.0,0.0,0.0,0.0,0.0,0.0
Chennai,13.0827,80.2707,2000-01-19,2000-01-21 21:00:00,66,66,69,0.0,0.0,0.0,0.0,0.0,0.0
Chennai,13.0827,80.2707,2000-01-19,2000-01-22 03:00:00,72,72,75,0.0,0.0,0.0,0.0,0.0,0.0
Chennai,13.0827,80.2707,2000-01-19,2000-01-22 09:00:00,78,78,81,0.0,0.0,0.0,0.0,0.0,0.0
Chennai,13.0827,80.2707,2000-01-19,2000-01-22 15:00:00,84,84,87,0.0,0.0,0.0,0.0,0.0,0.0
Chennai,13.0827,80.2707,2000-01-19,2000-01-22 21:00:00,90,90,93,0.0,0.0,0.0,0.0,0.0,0.0
Chennai,13.0827,80.2707,2000-01-19,2000-01-23 03:00:00,96,96,99,0.0,0.0,0.0,0.0,0.0,0.0
Chennai,13.0827,80.2707,2000-01-19,2000-01-23 09:00:00,102,102,105,0.0,0.0,0.0,0.0,0.0,0.0
Chennai,13.0827,80.2707,2000-01-19,2000-01-23 15:00:00,108,108,111,0.0,0.0,0.0,0.0,0.0,0.0
Chennai,13.0827,80.2707,2000-01-19,2000-01-23 21:00:00,114,114,117,0.0,0.0,0.0,0.0,0.0,0.0
Chennai,13.0827,80.2707,2000-01-19,2000-01-24 03:00:00,120,120,123,0.0,0.0,0.0,0.0,0.0,0.0
Chennai,13.0827,80.2707,2000-01-19,2000-01-24 09:00:00,126,126,129,0.0,0.0,0.0,0.0,0.0,0.0
Chennai,13.0827,80.2707,2000-01-19,2000-01-24 15:00:00,132,132,135,0.0,0.0,0.0,0.0,0.0,0.0
Chennai,13.0827,80.2707,2000-01-19,2000-01-24 21:00:00,138,138,141,0.0,0.0,0.0,0.0,0.0,0.0
Chennai,13.0827,80.2707,2000-01-19,2000-01-25 03:00:00,144,144,147,0.0,0.0,0.0,0.0,0.0,0.0
Chennai,13.0827,80.2707,2000-01-19,2000-01-25 09:00:00,150,150,153,0.0,0.0,0.0,0.0,0.0,0.0
Chennai,13.0827,80.2707,2000-01-19,2000-01-25 15:00:00,156,156,159,0.0,0.0,0.0,0.0,0.0,0.0
Chennai,13.0827,80.2707,2000-01-19,2000-01-25 21:00:00,162,162,165,0.0,0.0,0.0,0.0,0.0,0.0
Chennai,13.0827,80.2707,2000-01-19,2000-01-26 03:00:00,168,168,171,0.0,0.0,0.0,0.0,0.0,0.0
Chennai,13.0827,80.2707,2000-01-19,2000-01-26 09:00:00,174,174,177,0.0,0.0,0.0,0.0,0.0,0.0
Chennai,13.0827,80.2707,2000-01-19,2000-01-26 15:00:00,180,180,183,0.0,0.0,0.0,0.0,0.0,0.0
Chennai,13.0827,80.2707,2000-01-19,2000-01-26 21:00:00,186,186,189,0.0,0.0,0.0,0.0,0.0,0.0
Chennai,13.0827,80.2707,2000-01-19,2000-01-27 03:00:00,192,192,195,0.0,0.0,0.0,0.0,0.0,0.0
Chennai,13.0827,80.2707,2000-01-19,2000-01-27 09:00:00,198,198,201,0.0,0.004,0.0,0.0,0.02,0.02
Chennai,13.0827,80.2707,2000-01-19,2000-01-27 15:00:00,204,204,207,0.0,0.0,0.0,0.0,0.0,0.0
Chennai,13.0827,80.2707,2000-01-19,2000-01-27 21:00:00,210,210,213,0.0,0.0,0.0,0.0,0.0,0.0
Chennai,13.0827,80.2707,2000-01-19,2000-01-28 03:00:00,216,216,219,0.0,0.0,0.0,0.0,0.0,0.0
Chennai,13.0827,80.2707,2000-01-19,2000-01-28 09:00:00,222,222,225,0.0,0.0,0.0,0.0,0.0,0.0
Chennai,13.0827,80.2707,2000-01-19,2000-01-28 15:00:00,228,228,231,0.0,0.0,0.0,0.0,0.0,0.0
Chennai,13.0827,80.2707,2000-01-19,2000-01-28 21:00:00,234,234,237,0.0,0.0,0.0,0.0,0.0,0.0
Chennai,13.0827,80.2707,2000-01-30,2000-01-30 03:00:00,0,0,3,0.0,0.0,0.0,0.0,0.0,0.0
Chennai,13.0827,80.2707,2000-01-30,2000-01-30 09:00:00,6,6,9,0.0,0.0,0.0,0.0,0.0,0.0
Chennai,13.0827,80.2707,2000-01-30,2000-01-30 15:00:00,12,12,15,0.0,0.0,0.0,0.0,0.0,0.0
Chennai,13.0827,80.2707,2000-01-30,2000-01-30 21:00:00,18,18,21,0.0,0.0,0.0,0.0,0.0,0.0
Chennai,13.0827,80.2707,2000-01-30,2000-01-31 03:00:00,24,24,27,0.0,0.0,0.0,0.0,0.0,0.0
Chennai,13.0827,80.2707,2000-01-30,2000-01-31 09:00:00,30,30,33,0.0,0.0,0.0,0.0,0.0,0.0
Chennai,13.0827,80.2707,2000-01-30,2000-01-31 15:00:00,36,36,39,0.0,0.0,0.0,0.0,0.0,0.0
Chennai,13.0827,80.2707,2000-01-30,2000-01-31 21:00:00,42,42,45,0.0,0.004,0.0,0.0,0.02,0.02
Chennai,13.0827,80.2707,2000-01-30,2000-02-01 03:00:00,48,48,51,0.0,0.038,0.0,0.0,0.18,0.18
Chennai,13.0827,80.2707,2000-01-30,2000-02-01 09:00:00,54,54,57,0.0,0.0,0.0,0.0,0.0,0.0
Chennai,13.0827,80.2707,2000-01-30,2000-02-01 15:00:00,60,60,63,0.0,0.0,0.0,0.0,0.0,0.0
Chennai,13.0827,80.2707,2000-01-30,2000-02-01 21:00:00,66,66,69,0.0,0.01,0.0,0.0,0.05,0.05
Chennai,13.0827,80.2707,2000-01-30,2000-02-02 03:00:00,72,72,75,0.0,0.06,0.0,0.0,0.3,0.3
Chennai,13.0827,80.2707,2000-01-30,2000-02-02 09:00:00,78,78,81,0.0,0.008,0.0,0.0,0.02,0.02
Chennai,13.0827,80.2707,2000-01-30,2000-02-02 15:00:00,84,84,87,0.0,0.01,0.0,0.0,0.05,0.05
Chennai,13.0827,80.2707,2000-01-30,2000-02-02 21:00:00,90,90,93,0.0,0.392,0.0,0.0,1.94,1.94
Chennai,13.0827,80.2707,2000-01-30,2000-02-03 03:00:00,96,96,99,0.4,0.084,0.0,0.0,0.4,0.4
Chennai,13.0827,80.2707,2000-01-30,2000-02-03 09:00:00,102,102,105,0.06,0.012,0.0,0.0,0.06,0.06
Chennai,13.0827,80.2707,2000-01-30,2000-02-03 15:00:00,108,108,111,0.0,0.0,0.0,0.0,0.0,0.0
Chennai,13.0827,80.2707,2000-01-30,2000-02-03 21:00:00,114,114,117,0.22,0.22400000000000003,0.1,0.0,0.8,0.8
Chennai,13.0827,80.2707,2000-01-30,2000-02-04 03:00:00,120,120,123,0.75,0.19,0.0,0.0,0.75,0.75
Chennai,13.0827,80.2707,2000-01-30,2000-02-04 09:00:00,126,126,129,0.0,0.0,0.0,0.0,0.0,0.0
Chennai,13.0827,80.2707,2000-01-30,2000-02-04 15:00:00,132,132,135,0.0,0.0,0.0,0.0,0.0,0.0
Chennai,13.0827,80.2707,2000-01-30,2000-02-04 21:00:00,138,138,141,0.17,0.094,0.0,0.0,0.3,0.3
Chennai,13.0827,80.2707,2000-01-30,2000-02-05 03:00:00,144,144,147,0.0,0.01,0.0,0.0,0.03,0.03
Chennai,13.0827,80.2707,2000-01-30,2000-02-05 09:00:00,150,150,153,0.0,0.06000000000000001,0.0,0.0,0.2,0.2
Chennai,13.0827,80.2707,2000-01-30,2000-02-05 15:00:00,156,156,159,0.0,0.0,0.0,0.0,0.0,0.0
Chennai,13.0827,80.2707,2000-01-30,2000-02-05 21:00:00,162,162,165,0.0,0.0,0.0,0.0,0.0,0.0
Chennai,13.0827,80.2707,2000-01-30,2000-02-06 03:00:00,168,168,171,0.0,0.018,0.0,0.0,0.09,0.09
Chennai,13.0827,80.2707,2000-01-30,2000-02-06 09:00:00,174,174,177,0.0,0.0,0.0,0.0,0.0,0.0
Chennai,13.0827,80.2707,2000-01-30,2000-02-06 15:00:00,180,180,183,0.0,0.006,0.0,0.0,0.03,0.03
Chennai,13.0827,80.2707,2000-01-30,2000-02-06 21:00:00,186,186,189,0.0,0.0,0.0,0.0,0.0,0.0
Chennai,13.0827,80.2707,2000-01-30,2000-02-07 03:00:00,192,192,195,0.3,0.06,0.0,0.0,0.3,0.3
Chennai,13.0827,80.2707,2000-01-30,2000-02-07 09:00:00,198,198,201,0.0,0.42800000000000005,0.0,0.0,2.14,2.14
Chennai,13.0827,80.2707,2000-01-30,2000-02-07 15:00:00,204,204,207,0.0,0.04,0.0,0.0,0.2,0.2
Chennai,13.0827,80.2707,2000-01-30,2000-02-07 21:00:00,210,210,213,0.01,0.10600000000000001,0.0,0.0,0.52,0.52
Chennai,13.0827,80.2707,2000-01-30,2000-02-08 03:00:00,216,216,219,0.0,0.0,0.0,0.0,0.0,0.0
Chennai,13.0827,80.2707,2000-01-30,2000-02-08 09:00:00,222,222,225,0.0,0.2,0.0,0.0,1.0,1.0
Chennai,13.0827,80.2707,2000-01-30,2000-02-08 15:00:00,228,228,231,0.01,0.002,0.0,0.0,0.01,0.01
Chennai,13.0827,80.2707,2000-01-30,2000-02-08 21:00:00,234,234,237,0.0,0.0,0.0,0.0,0.0,0.0
Chennai,13.0827,80.2707,2000-02-06,2000-02-06 03:00:00,0,0,3,0.12,0.12,0.12,0.12,0.12,0.0
Chennai,13.0827,80.2707,2000-02-06,2000-02-06 09:00:00,6,6,9,0.15,0.1,0.1,0.0,0.2,0.2
Chennai,13.0827,80.2707,2000-02-06,2000-02-06 15:00:00,12,12,15,0.0,0.0,0.0,0.0,0.0,0.0
Chennai,13.0827,80.2707,2000-02-06,2000-02-06 21:00:00,18,18,21,0.0,0.0,0.0,0.0,0.0,0.0
Chennai,13.0827,80.2707,2000-02-06,2000-02-07 03:00:00,24,24,27,0.01,0.22600000000000003,0.01,0.0,1.1,1.1
Chennai,13.0827,80.2707,2000-02-06,2000-02-07 09:00:00,30,30,33,0.07,0.12000000000000002,0.07,0.0,0.39,0.39
Chennai,13.0827,80.2707,2000-02-06,2000-02-07 15:00:00,36,36,39,0.0,0.0,0.0,0.0,0.0,0.0
Chennai,13.0827,80.2707,2000-02-06,2000-02-07 21:00:00,42,42,45,0.0,0.0,0.0,0.0,0.0,0.0
Chennai,13.0827,80.2707,2000-02-06,2000-02-08 03:00:00,48,48,51,0.0,0.0,0.0,0.0,0.0,0.0
Chennai,13.0827,80.2707,2000-02-06,2000-02-08 09:00:00,54,54,57,0.01,0.22000000000000003,0.04,0.0,1.0,1.0
Chennai,13.0827,80.2707,2000-02-06,2000-02-08 15:00:00,60,60,63,0.0,0.0,0.0,0.0,0.0,0.0
Chennai,13.0827,80.2707,2000-02-06,2000-02-08 21:00:00,66,66,69,0.0,0.0,0.0,0.0,0.0,0.0
Chennai,13.0827,80.2707,2000-02-06,2000-02-09 03:00:00,72,72,75,0.0,0.002,0.0,0.0,0.01,0.01
Chennai,13.0827,80.2707,2000-02-06,2000-02-09 09:00:00,78,78,81,0.0,0.12400000000000003,0.0,0.0,0.6000000000000001,0.6000000000000001
Chennai,13.0827,80.2707,2000-02-06,2000-02-09 15:00:00,84,84,87,0.0,0.0,0.0,0.0,0.0,0.0
Chennai,13.0827,80.2707,2000-02-06,2000-02-09 21:00:00,90,90,93,0.0,0.0,0.0,0.0,0.0,0.0
Chennai,13.0827,80.2707,2000-02-06,2000-02-10 03:00:00,96,96,99,0.0,0.006,0.0,0.0,0.03,0.03
Chennai,13.0827,80.2707,2000-02-06,2000-02-10 09:00:00,102,102,105,0.0,0.02,0.0,0.0,0.1,0.1
Chennai,13.0827,80.2707,2000-02-06,2000-02-10 15:00:00,108,108,111,0.0,0.0,0.0,0.0,0.0,0.0
Chennai,13.0827,80.2707,2000-02-06,2000-02-10 21:00:00,114,114,117,0.0,0.0,0.0,0.0,0.0,0.0
Chennai,13.0827,80.2707,2000-02-06,2000-02-11 03:00:00,120,120,123,0.0,0.0,0.0,0.0,0.0,0.0
Chennai,13.0827,80.2707,2000-02-06,2000-02-11 09:00:00,126,126,129,0.0,0.0,0.0,0.0,0.0,0.0
Chennai,13.0827,80.2707,2000-02-06,2000-02-11 15:00:00,132,132,135,0.0,0.0,0.0,0.0,0.0,0.0
Chennai,13.0827,80.2707,2000-02-06,2000-02-11 21:00:00,138,138,141,0.0,0.0,0.0,0.0,0.0,0.0
Chennai,13.0827,80.2707,2000-02-06,2000-02-12 03:00:00,144,144,147,0.0,0.0,0.0,0.0,0.0,0.0
Chennai,13.0827,80.2707,2000-02-06,2000-02-12 09:00:00,150,150,153,0.0,0.0,0.0,0.0,0.0,0.0
Chennai,13.0827,80.2707,2000-02-06,2000-02-12 15:00:00,156,156,159,0.0,0.0,0.0,0.0,0.0,0.0
Chennai,13.0827,80.2707,2000-02-06,2000-02-12 21:00:00,162,162,165,0.0,0.0,0.0,0.0,0.0,0.0
Chennai,13.0827,80.2707,2000-02-06,2000-02-13 03:00:00,168,168,171,0.0,0.0,0.0,0.0,0.0,0.0
Chennai,13.0827,80.2707,2000-02-06,2000-02-13 09:00:00,174,174,177,0.0,0.0,0.0,0.0,0.0,0.0
Chennai,13.0827,80.2707,2000-02-06,2000-02-13 15:00:00,180,180,183,0.0,0.0,0.0,0.0,0.0,0.0
Chennai,13.0827,80.2707,2000-02-06,2000-02-13 21:00:00,186,186,189,0.0,0.0,0.0,0.0,0.0,0.0
Chennai,13.0827,80.2707,2000-02-06,2000-02-14 03:00:00,192,192,195,0.0,0.0,0.0,0.0,0.0,0.0
Chennai,13.0827,80.2707,2000-02-06,2000-02-14 09:00:00,198,198,201,0.0,0.0,0.0,0.0,0.0,0.0
Chennai,13.0827,80.2707,2000-02-06,2000-02-14 15:00:00,204,204,207,0.0,0.0,0.0,0.0,0.0,0.0
Chennai,13.0827,80.2707,2000-02-06,2000-02-14 21:00:00,210,210,213,0.0,0.0,0.0,0.0,0.0,0.0
Chennai,13.0827,80.2707,2000-02-06,2000-02-15 03:00:00,216,216,219,0.0,0.01,0.0,0.0,0.05,0.05
Chennai,13.0827,80.2707,2000-02-06,2000-02-15 09:00:00,222,222,225,0.0,0.0,0.0,0.0,0.0,0.0
Chennai,13.0827,80.2707,2000-02-06,2000-02-15 15:00:00,228,228,231,0.0,0.0,0.0,0.0,0.0,0.0
Chennai,13.0827,80.2707,2000-02-06,2000-02-15 21:00:00,234,234,237,0.0,0.036,0.0,0.0,0.18,0.18
Chennai,13.0827,80.2707,2000-02-24,2000-02-24 03:00:00,0,0,3,9.52,9.52,9.52,9.52,9.52,0.0
Chennai,13.0827,80.2707,2000-02-24,2000-02-24 09:00:00,6,6,9,6.2,6.88,6.2,2.9000000000000004,10.9,8.0
Chennai,13.0827,80.2707,2000-02-24,2000-02-24 15:00:00,12,12,15,4.3500000000000005,3.5159999999999996,2.1,0.6000000000000001,9.2,8.6
Chennai,13.0827,80.2707,2000-02-24,2000-02-24 21:00:00,18,18,21,0.12,0.644,0.1,0.0,3.0,3.0
Chennai,13.0827,80.2707,2000-02-24,2000-02-25 03:00:00,24,24,27,2.03,3.306,3.4000000000000004,1.5,5.2,3.7
Chennai,13.0827,80.2707,2000-02-24,2000-02-25 09:00:00,30,30,33,0.8,0.664,0.8,0.06,1.06,1.0
Chennai,13.0827,80.2707,2000-02-24,2000-02-25 15:00:00,36,36,39,0.67,0.518,0.67,0.02,1.0,0.98
Chennai,13.0827,80.2707,2000-02-24,2000-02-25 21:00:00,42,42,45,2.85,2.228,2.85,0.0,3.88,3.88
Chennai,13.0827,80.2707,2000-02-24,2000-02-26 03:00:00,48,48,51,1.52,0.9960000000000001,0.96,0.0,1.8,1.8
Chennai,13.0827,80.2707,2000-02-24,2000-02-26 09:00:00,54,54,57,0.01,0.248,0.01,0.0,1.19,1.19
Chennai,13.0827,80.2707,2000-02-24,2000-02-26 15:00:00,60,60,63,0.01,0.008,0.0,0.0,0.03,0.03
Chennai,13.0827,80.2707,2000-02-24,2000-02-26 21:00:00,66,66,69,0.07,0.25400000000000006,0.0,0.0,1.2000000000000002,1.2000000000000002
Chennai,13.0827,80.2707,2000-02-24,2000-02-27 03:00:00,72,72,75,0.04,0.29000000000000004,0.1,0.01,1.1,1.09
Chennai,13.0827,80.2707,2000-02-24,2000-02-27 09:00:00,78,78,81,0.0,0.186,0.0,0.0,0.92,0.92
Chennai,13.0827,80.2707,2000-02-24,2000-02-27 15:00:00,84,84,87,0.01,0.004,0.0,0.0,0.01,0.01
Chennai,13.0827,80.2707,2000-02-24,2000-02-27 21:00:00,90,90,93,0.0,0.366,0.0,0.0,1.73,1.73
Chennai,13.0827,80.2707,2000-02-24,2000-02-28 03:00:00,96,96,99,0.0,0.02,0.0,0.0,0.1,0.1
Chennai,13.0827,80.2707,2000-02-24,2000-02-28 09:00:00,102,102,105,0.0,0.0,0.0,0.0,0.0,0.0
Chennai,13.0827,80.2707,2000-02-24,2000-02-28 15:00:00,108,108,111,0.0,0.0,0.0,0.0,0.0,0.0
Chennai,13.0827,80.2707,2000-02-24,2000-02-28 21:00:00,114,114,117,0.0,0.0,0.0,0.0,0.0,0.0
Chennai,13.0827,80.2707,2000-02-24,2000-02-29 03:00:00,120,120,123,0.0,0.0,0.0,0.0,0.0,0.0
Chennai,13.0827,80.2707,2000-02-24,2000-02-29 09:00:00,126,126,129,0.0,0.0,0.0,0.0,0.0,0.0
Chennai,13.0827,80.2707,2000-02-24,2000-02-29 15:00:00,132,132,135,0.0,0.0,0.0,0.0,0.0,0.0
Chennai,13.0827,80.2707,2000-02-24,2000-02-29 21:00:00,138,138,141,0.0,0.0,0.0,0.0,0.0,0.0
Chennai,13.0827,80.2707,2000-02-24,2000-03-01 03:00:00,144,144,147,0.0,0.0,0.0,0.0,0.0,0.0
Chennai,13.0827,80.2707,2000-02-24,2000-03-01 09:00:00,150,150,153,0.0,0.0,0.0,0.0,0.0,0.0
Chennai,13.0827,80.2707,2000-02-24,2000-03-01 15:00:00,156,156,159,0.0,0.0,0.0,0.0,0.0,0.0
Chennai,13.0827,80.2707,2000-02-24,2000-03-01 21:00:00,162,162,165,0.0,0.0,0.0,0.0,0.0,0.0
Chennai,13.0827,80.2707,2000-02-24,2000-03-02 03:00:00,168,168,171,0.0,0.0,0.0,0.0,0.0,0.0
Chennai,13.0827,80.2707,2000-02-24,2000-03-02 09:00:00,174,174,177,0.0,0.0,0.0,0.0,0.0,0.0
Chennai,13.0827,80.2707,2000-02-24,2000-03-02 15:00:00,180,180,183,0.0,0.0,0.0,0.0,0.0,0.0
Chennai,13.0827,80.2707,2000-02-24,2000-03-02 21:00:00,186,186,189,0.0,0.0,0.0,0.0,0.0,0.0
Chennai,13.0827,80.2707,2000-02-24,2000-03-03 03:00:00,192,192,195,0.0,0.006,0.0,0.0,0.03,0.03
Chennai,13.0827,80.2707,2000-02-24,2000-03-03 09:00:00,198,198,201,0.0,0.0,0.0,0.0,0.0,0.0
Chennai,13.0827,80.2707,2000-02-24,2000-03-03 15:00:00,204,204,207,0.0,0.0,0.0,0.0,0.0,0.0
Chennai,13.0827,80.2707,2000-02-24,2000-03-03 21:00:00,210,210,213,0.0,0.0,0.0,0.0,0.0,0.0
Chennai,13.0827,80.2707,2000-02-24,2000-03-04 03:00:00,216,216,219,0.0,0.008,0.0,0.0,0.04,0.04
Chennai,13.0827,80.2707,2000-02-24,2000-03-04 09:00:00,222,222,225,0.0,0.0,0.0,0.0,0.0,0.0
Chennai,13.0827,80.2707,2000-02-24,2000-03-04 15:00:00,228,228,231,0.0,0.0,0.0,0.0,0.0,0.0
Chennai,13.0827,80.2707,2000-02-24,2000-03-04 21:00:00,234,234,237,0.0,0.0,0.0,0.0,0.0,0.0
Chennai,13.0827,80.2707,2000-03-13,2000-03-13 03:00:00,0,0,3,0.0,0.0,0.0,0.0,0.0,0.0
Chennai,13.0827,80.2707,2000-03-13,2000-03-13 09:00:00,6,6,9,0.0,0.0,0.0,0.0,0.0,0.0
Chennai,13.0827,80.2707,2000-03-13,2000-03-13 15:00:00,12,12,15,0.0,0.0,0.0,0.0,0.0,0.0
Chennai,13.0827,80.2707,2000-03-13,2000-03-13 21:00:00,18,18,21,0.0,0.0,0.0,0.0,0.0,0.0
Chennai,13.0827,80.2707,2000-03-13,2000-03-14 03:00:00,24,24,27,0.0,0.0,0.0,0.0,0.0,0.0
Chennai,13.0827,80.2707,2000-03-13,2000-03-14 09:00:00,30,30,33,0.0,0.0,0.0,0.0,0.0,0.0
Chennai,13.0827,80.2707,2000-03-13,2000-03-14 15:00:00,36,36,39,0.0,0.0,0.0,0.0,0.0,0.0
Chennai,13.0827,80.2707,2000-03-13,2000-03-14 21:00:00,42,42,45,0.0,0.0,0.0,0.0,0.0,0.0
Chennai,13.0827,80.2707,2000-03-13,2000-03-15 03:00:00,48,48,51,0.0,0.0,0.0,0.0,0.0,0.0
Chennai,13.0827,80.2707,2000-03-13,2000-03-15 09:00:00,54,54,57,0.0,0.0,0.0,0.0,0.0,0.0
Chennai,13.0827,80.2707,2000-03-13,2000-03-15 15:00:00,60,60,63,0.0,0.0,0.0,0.0,0.0,0.0
Chennai,13.0827,80.2707,2000-03-13,2000-03-15 21:00:00,66,66,69,0.0,0.0,0.0,0.0,0.0,0.0
Chennai,13.0827,80.2707,2000-03-13,2000-03-16 03:00:00,72,72,75,0.0,0.0,0.0,0.0,0.0,0.0
Chennai,13.0827,80.2707,2000-03-13,2000-03-16 09:00:00,78,78,81,0.0,0.0,0.0,0.0,0.0,0.0
Chennai,13.0827,80.2707,2000-03-13,2000-03-16 15:00:00,84,84,87,0.0,0.0,0.0,0.0,0.0,0.0
Chennai,13.0827,80.2707,2000-03-13,2000-03-16 21:00:00,90,90,93,0.0,0.0,0.0,0.0,0.0,0.0
Chennai,13.0827,80.2707,2000-03-13,2000-03-17 03:00:00,96,96,99,0.0,0.0,0.0,0.0,0.0,0.0
Chennai,13.0827,80.2707,2000-03-13,2000-03-17 09:00:00,102,102,105,0.0,0.0,0.0,0.0,0.0,0.0
Chennai,13.0827,80.2707,2000-03-13,2000-03-17 15:00:00,108,108,111,0.0,0.0,0.0,0.0,0.0,0.0
Chennai,13.0827,80.2707,2000-03-13,2000-03-17 21:00:00,114,114,117,0.0,0.0,0.0,0.0,0.0,0.0
Chennai,13.0827,80.2707,2000-03-13,2000-03-18 03:00:00,120,120,123,0.0,0.0,0.0,0.0,0.0,0.0
Chennai,13.0827,80.2707,2000-03-13,2000-03-18 09:00:00,126,126,129,0.0,0.0,0.0,0.0,0.0,0.0
Chennai,13.0827,80.2707,2000-03-13,2000-03-18 15:00:00,132,132,135,0.0,0.0,0.0,0.0,0.0,0.0
Chennai,13.0827,80.2707,2000-03-13,2000-03-18 21:00:00,138,138,141,0.0,0.0,0.0,0.0,0.0,0.0
Chennai,13.0827,80.2707,2000-03-13,2000-03-19 03:00:00,144,144,147,0.0,0.0,0.0,0.0,0.0,0.0
Chennai,13.0827,80.2707,2000-03-13,2000-03-19 09:00:00,150,150,153,0.0,0.0,0.0,0.0,0.0,0.0
Chennai,13.0827,80.2707,2000-03-13,2000-03-19 15:00:00,156,156,159,0.0,0.0,0.0,0.0,0.0,0.0
Chennai,13.0827,80.2707,2000-03-13,2000-03-19 21:00:00,162,162,165,0.0,0.0,0.0,0.0,0.0,0.0
Chennai,13.0827,80.2707,2000-03-13,2000-03-20 03:00:00,168,168,171,0.0,0.0,0.0,0.0,0.0,0.0
Chennai,13.0827,80.2707,2000-03-13,2000-03-20 09:00:00,174,174,177,0.0,0.0,0.0,0.0,0.0,0.0
Chennai,13.0827,80.2707,2000-03-13,2000-03-20 15:00:00,180,180,183,0.0,0.0,0.0,0.0,0.0,0.0
Chennai,13.0827,80.2707,2000-03-13,2000-03-20 21:00:00,186,186,189,0.0,0.0,0.0,0.0,0.0,0.0
Chennai,13.0827,80.2707,2000-03-13,2000-03-21 03:00:00,192,192,195,0.0,0.002,0.0,0.0,0.01,0.01
Chennai,13.0827,80.2707,2000-03-13,2000-03-21 09:00:00,198,198,201,0.0,0.0,0.0,0.0,0.0,0.0
Chennai,13.0827,80.2707,2000-03-13,2000-03-21 15:00:00,204,204,207,0.0,0.0,0.0,0.0,0.0,0.0
Chennai,13.0827,80.2707,2000-03-13,2000-03-21 21:00:00,210,210,213,0.0,0.004,0.0,0.0,0.02,0.02
Chennai,13.0827,80.2707,2000-03-13,2000-03-22 03:00:00,216,216,219,0.0,0.02,0.0,0.0,0.1,0.1
Chennai,13.0827,80.2707,2000-03-13,2000-03-22 09:00:00,222,222,225,0.0,0.002,0.0,0.0,0.01,0.01
Chennai,13.0827,80.2707,2000-03-13,2000-03-22 15:00:00,228,228,231,0.0,0.0,0.0,0.0,0.0,0.0
Chennai,13.0827,80.2707,2000-03-13,2000-03-22 21:00:00,234,234,237,0.0,0.006,0.0,0.0,0.03,0.03
Chennai,13.0827,80.2707,2000-03-31,2000-03-31 03:00:00,0,0,3,0.0,0.0,0.0,0.0,0.0,0.0
Chennai,13.0827,80.2707,2000-03-31,2000-03-31 09:00:00,6,6,9,0.0,0.0,0.0,0.0,0.0,0.0
Chennai,13.0827,80.2707,2000-03-31,2000-03-31 15:00:00,12,12,15,0.0,0.0,0.0,0.0,0.0,0.0
Chennai,13.0827,80.2707,2000-03-31,2000-03-31 21:00:00,18,18,21,0.01,0.030000000000000006,0.0,0.0,0.14,0.14
Chennai,13.0827,80.2707,2000-03-31,2000-04-01 03:00:00,24,24,27,0.25,0.8240000000000001,0.25,0.0,3.54,3.54
Chennai,13.0827,80.2707,2000-03-31,2000-04-01 09:00:00,30,30,33,0.11,0.062,0.0,0.0,0.2,0.2
Chennai,13.0827,80.2707,2000-03-31,2000-04-01 15:00:00,36,36,39,0.0,0.0,0.0,0.0,0.0,0.0
Chennai,13.0827,80.2707,2000-03-31,2000-04-01 21:00:00,42,42,45,0.0,0.0,0.0,0.0,0.0,0.0
Chennai,13.0827,80.2707,2000-03-31,2000-04-02 03:00:00,48,48,51,0.03,0.006,0.0,0.0,0.03,0.03
Chennai,13.0827,80.2707,2000-03-31,2000-04-02 09:00:00,54,54,57,0.0,0.0,0.0,0.0,0.0,0.0
Chennai,13.0827,80.2707,2000-03-31,2000-04-02 15:00:00,60,60,63,0.0,0.0,0.0,0.0,0.0,0.0
Chennai,13.0827,80.2707,2000-03-31,2000-04-02 21:00:00,66,66,69,0.0,0.01,0.0,0.0,0.05,0.05
Chennai,13.0827,80.2707,2000-03-31,2000-04-03 03:00:00,72,72,75,0.01,0.002,0.0,0.0,0.01,0.01
Chennai,13.0827,80.2707,2000-03-31,2000-04-03 09:00:00,78,78,81,0.0,0.0,0.0,0.0,0.0,0.0
Chennai,13.0827,80.2707,2000-03-31,2000-04-03 15:00:00,84,84,87,0.0,0.0,0.0,0.0,0.0,0.0
Chennai,13.0827,80.2707,2000-03-31,2000-04-03 21:00:00,90,90,93,0.0,0.0,0.0,0.0,0.0,0.0
Chennai,13.0827,80.2707,2000-03-31,2000-04-04 03:00:00,96,96,99,0.03,0.01,0.0,0.0,0.03,0.03
Chennai,13.0827,80.2707,2000-03-31,2000-04-04 09:00:00,102,102,105,0.0,0.0,0.0,0.0,0.0,0.0
Chennai,13.0827,80.2707,2000-03-31,2000-04-04 15:00:00,108,108,111,0.0,0.0,0.0,0.0,0.0,0.0
Chennai,13.0827,80.2707,2000-03-31,2000-04-04 21:00:00,114,114,117,0.01,0.008,0.0,0.0,0.03,0.03
Chennai,13.0827,80.2707,2000-03-31,2000-04-05 03:00:00,120,120,123,0.0,0.032,0.0,0.0,0.09,0.09
Chennai,13.0827,80.2707,2000-03-31,2000-04-05 09:00:00,126,126,129,0.0,0.0,0.0,0.0,0.0,0.0
Chennai,13.0827,80.2707,2000-03-31,2000-04-05 15:00:00,132,132,135,0.0,0.0,0.0,0.0,0.0,0.0
Chennai,13.0827,80.2707,2000-03-31,2000-04-05 21:00:00,138,138,141,0.0,0.0,0.0,0.0,0.0,0.0
Chennai,13.0827,80.2707,2000-03-31,2000-04-06 03:00:00,144,144,147,0.03,0.006,0.0,0.0,0.03,0.03
Chennai,13.0827,80.2707,2000-03-31,2000-04-06 09:00:00,150,150,153,0.0,0.0,0.0,0.0,0.0,0.0
Chennai,13.0827,80.2707,2000-03-31,2000-04-06 15:00:00,156,156,159,0.0,0.0,0.0,0.0,0.0,0.0
Chennai,13.0827,80.2707,2000-03-31,2000-04-06 21:00:00,162,162,165,0.0,0.0,0.0,0.0,0.0,0.0
Chennai,13.0827,80.2707,2000-03-31,2000-04-07 03:00:00,168,168,171,0.05,0.030000000000000006,0.0,0.0,0.1,0.1
Chennai,13.0827,80.2707,2000-03-31,2000-04-07 09:00:00,174,174,177,0.0,0.06,0.0,0.0,0.3,0.3
Chennai,13.0827,80.2707,2000-03-31,2000-04-07 15:00:00,180,180,183,0.0,0.0,0.0,0.0,0.0,0.0
Chennai,13.0827,80.2707,2000-03-31,2000-04-07 21:00:00,186,186,189,0.0,0.0,0.0,0.0,0.0,0.0
Chennai,13.0827,80.2707,2000-03-31,2000-04-08 03:00:00,192,192,195,0.1,0.02,0.0,0.0,0.1,0.1
Chennai,13.0827,80.2707,2000-03-31,2000-04-08 09:00:00,198,198,201,0.0,0.0,0.0,0.0,0.0,0.0
Chennai,13.0827,80.2707,2000-03-31,2000-04-08 15:00:00,204,204,207,0.0,0.0,0.0,0.0,0.0,0.0
Chennai,13.0827,80.2707,2000-03-31,2000-04-08 21:00:00,210,210,213,0.0,0.0,0.0,0.0,0.0,0.0
Chennai,13.0827,80.2707,2000-03-31,2000-04-09 03:00:00,216,216,219,0.0,0.0,0.0,0.0,0.0,0.0
Chennai,13.0827,80.2707,2000-03-31,2000-04-09 09:00:00,222,222,225,0.0,0.0,0.0,0.0,0.0,0.0
Chennai,13.0827,80.2707,2000-03-31,2000-04-09 15:00:00,228,228,231,0.0,0.0,0.0,0.0,0.0,0.0
Chennai,13.0827,80.2707,2000-03-31,2000-04-09 21:00:00,234,234,237,0.0,0.0,0.0,0.0,0.0,0.0
Chennai,13.0827,80.2707,2000-04-18,2000-04-18 03:00:00,0,0,3,0.0,0.0,0.0,0.0,0.0,0.0
Chennai,13.0827,80.2707,2000-04-18,2000-04-18 09:00:00,6,6,9,0.0,0.0,0.0,0.0,0.0,0.0
Chennai,13.0827,80.2707,2000-04-18,2000-04-18 15:00:00,12,12,15,0.0,0.0,0.0,0.0,0.0,0.0
Chennai,13.0827,80.2707,2000-04-18,2000-04-18 21:00:00,18,18,21,0.0,0.0,0.0,0.0,0.0,0.0
Chennai,13.0827,80.2707,2000-04-18,2000-04-19 03:00:00,24,24,27,0.02,0.004,0.0,0.0,0.02,0.02
Chennai,13.0827,80.2707,2000-04-18,2000-04-19 09:00:00,30,30,33,0.0,0.0,0.0,0.0,0.0,0.0
Chennai,13.0827,80.2707,2000-04-18,2000-04-19 15:00:00,36,36,39,0.0,0.0,0.0,0.0,0.0,0.0
Chennai,13.0827,80.2707,2000-04-18,2000-04-19 21:00:00,42,42,45,0.0,0.0,0.0,0.0,0.0,0.0
Chennai,13.0827,80.2707,2000-04-18,2000-04-20 03:00:00,48,48,51,0.0,0.0,0.0,0.0,0.0,0.0
Chennai,13.0827,80.2707,2000-04-18,2000-04-20 09:00:00,54,54,57,0.0,0.0,0.0,0.0,0.0,0.0
Chennai,13.0827,80.2707,2000-04-18,2000-04-20 15:00:00,60,60,63,0.0,0.0,0.0,0.0,0.0,0.0
Chennai,13.0827,80.2707,2000-04-18,2000-04-20 21:00:00,66,66,69,0.0,0.0,0.0,0.0,0.0,0.0
Chennai,13.0827,80.2707,2000-04-18,2000-04-21 03:00:00,72,72,75,0.0,0.002,0.0,0.0,0.01,0.01
Chennai,13.0827,80.2707,2000-04-18,2000-04-21 09:00:00,78,78,81,0.0,0.0,0.0,0.0,0.0,0.0
Chennai,13.0827,80.2707,2000-04-18,2000-04-21 15:00:00,84,84,87,0.0,0.0,0.0,0.0,0.0,0.0
Chennai,13.0827,80.2707,2000-04-18,2000-04-21 21:00:00,90,90,93,0.0,0.0,0.0,0.0,0.0,0.0
Chennai,13.0827,80.2707,2000-04-18,2000-04-22 03:00:00,96,96,99,0.0,0.0,0.0,0.0,0.0,0.0
Chennai,13.0827,80.2707,2000-04-18,2000-04-22 09:00:00,102,102,105,0.0,0.0,0.0,0.0,0.0,0.0
Chennai,13.0827,80.2707,2000-04-18,2000-04-22 15:00:00,108,108,111,0.0,0.0,0.0,0.0,0.0,0.0
Chennai,13.0827,80.2707,2000-04-18,2000-04-22 21:00:00,114,114,117,0.0,0.0,0.0,0.0,0.0,0.0
Chennai,13.0827,80.2707,2000-04-18,2000-04-23 03:00:00,120,120,123,0.0,0.0,0.0,0.0,0.0,0.0
Chennai,13.0827,80.2707,2000-04-18,2000-04-23 09:00:00,126,126,129,0.0,0.0,0.0,0.0,0.0,0.0
Chennai,13.0827,80.2707,2000-04-18,2000-04-23 15:00:00,132,132,135,0.0,0.0,0.0,0.0,0.0,0.0
Chennai,13.0827,80.2707,2000-04-18,2000-04-23 21:00:00,138,138,141,0.0,0.0,0.0,0.0,0.0,0.0
Chennai,13.0827,80.2707,2000-04-18,2000-04-24 03:00:00,144,144,147,0.0,0.014000000000000002,0.0,0.0,0.07,0.07
Chennai,13.0827,80.2707,2000-04-18,2000-04-24 09:00:00,150,150,153,0.0,0.0,0.0,0.0,0.0,0.0
Chennai,13.0827,80.2707,2000-04-18,2000-04-24 15:00:00,156,156,159,0.0,0.0,0.0,0.0,0.0,0.0
Chennai,13.0827,80.2707,2000-04-18,2000-04-24 21:00:00,162,162,165,0.0,0.0,0.0,0.0,0.0,0.0
Chennai,13.0827,80.2707,2000-04-18,2000-04-25 03:00:00,168,168,171,0.0,0.0,0.0,0.0,0.0,0.0
Chennai,13.0827,80.2707,2000-04-18,2000-04-25 09:00:00,174,174,177,0.0,0.0,0.0,0.0,0.0,0.0
Chennai,13.0827,80.2707,2000-04-18,2000-04-25 15:00:00,180,180,183,0.0,0.0,0.0,0.0,0.0,0.0
Chennai,13.0827,80.2707,2000-04-18,2000-04-25 21:00:00,186,186,189,0.0,0.0,0.0,0.0,0.0,0.0
Chennai,13.0827,80.2707,2000-04-18,2000-04-26 03:00:00,192,192,195,0.0,0.02,0.0,0.0,0.1,0.1
Chennai,13.0827,80.2707,2000-04-18,2000-04-26 09:00:00,198,198,201,0.0,0.0,0.0,0.0,0.0,0.0
Chennai,13.0827,80.2707,2000-04-18,2000-04-26 15:00:00,204,204,207,0.0,0.0,0.0,0.0,0.0,0.0
Chennai,13.0827,80.2707,2000-04-18,2000-04-26 21:00:00,210,210,213,0.0,0.0,0.0,0.0,0.0,0.0
Chennai,13.0827,80.2707,2000-04-18,2000-04-27 03:00:00,216,216,219,0.0,0.16,0.0,0.0,0.8,0.8
Chennai,13.0827,80.2707,2000-04-18,2000-04-27 09:00:00,222,222,225,0.0,0.0,0.0,0.0,0.0,0.0
Chennai,13.0827,80.2707,2000-04-18,2000-04-27 15:00:00,228,228,231,0.0,0.0,0.0,0.0,0.0,0.0
Chennai,13.0827,80.2707,2000-04-18,2000-04-27 21:00:00,234,234,237,0.0,0.0,0.0,0.0,0.0,0.0
Chennai,13.0827,80.2707,2000-05-06,2000-05-06 03:00:00,0,0,3,0.0,0.0,0.0,0.0,0.0,0.0
Chennai,13.0827,80.2707,2000-05-06,2000-05-06 09:00:00,6,6,9,0.0,0.0,0.0,0.0,0.0,0.0
Chennai,13.0827,80.2707,2000-05-06,2000-05-06 15:00:00,12,12,15,0.0,0.0,0.0,0.0,0.0,0.0
Chennai,13.0827,80.2707,2000-05-06,2000-05-06 21:00:00,18,18,21,0.0,0.0,0.0,0.0,0.0,0.0
Chennai,13.0827,80.2707,2000-05-06,2000-05-07 03:00:00,24,24,27,1.9,1.238,1.2000000000000002,0.0,2.3000000000000003,2.3000000000000003
Chennai,13.0827,80.2707,2000-05-06,2000-05-07 09:00:00,30,30,33,0.0,0.0,0.0,0.0,0.0,0.0
Chennai,13.0827,80.2707,2000-05-06,2000-05-07 15:00:00,36,36,39,0.0,0.0,0.0,0.0,0.0,0.0
Chennai,13.0827,80.2707,2000-05-06,2000-05-07 21:00:00,42,42,45,0.0,0.0,0.0,0.0,0.0,0.0
Chennai,13.0827,80.2707,2000-05-06,2000-05-08 03:00:00,48,48,51,0.0,0.24000000000000005,0.0,0.0,0.9,0.9
Chennai,13.0827,80.2707,2000-05-06,2000-05-08 09:00:00,54,54,57,0.0,0.0,0.0,0.0,0.0,0.0
Chennai,13.0827,80.2707,2000-05-06,2000-05-08 15:00:00,60,60,63,0.0,0.0,0.0,0.0,0.0,0.0
Chennai,13.0827,80.2707,2000-05-06,2000-05-08 21:00:00,66,66,69,0.0,0.0,0.0,0.0,0.0,0.0
Chennai,13.0827,80.2707,2000-05-06,2000-05-09 03:00:00,72,72,75,0.0,0.0,0.0,0.0,0.0,0.0
Chennai,13.0827,80.2707,2000-05-06,2000-05-09 09:00:00,78,78,81,0.0,0.0,0.0,0.0,0.0,0.0
Chennai,13.0827,80.2707,2000-05-06,2000-05-09 15:00:00,84,84,87,0.0,0.0,0.0,0.0,0.0,0.0
Chennai,13.0827,80.2707,2000-05-06,2000-05-09 21:00:00,90,90,93,0.0,0.0,0.0,0.0,0.0,0.0
Chennai,13.0827,80.2707,2000-05-06,2000-05-10 03:00:00,96,96,99,0.0,0.12000000000000002,0.0,0.0,0.6000000000000001,0.6000000000000001
Chennai,13.0827,80.2707,2000-05-06,2000-05-10 09:00:00,102,102,105,0.0,0.0,0.0,0.0,0.0,0.0
Chennai,13.0827,80.2707,2000-05-06,2000-05-10 15:00:00,108,108,111,0.0,0.0,0.0,0.0,0.0,0.0
Chennai,13.0827,80.2707,2000-05-06,2000-05-10 21:00:00,114,114,117,0.0,0.0,0.0,0.0,0.0,0.0
Chennai,13.0827,80.2707,2000-05-06,2000-05-11 03:00:00,120,120,123,0.0,0.02,0.0,0.0,0.1,0.1
Chennai,13.0827,80.2707,2000-05-06,2000-05-11 09:00:00,126,126,129,0.0,0.06,0.0,0.0,0.3,0.3
Chennai,13.0827,80.2707,2000-05-06,2000-05-11 15:00:00,132,132,135,0.0,0.56,0.0,0.0,2.6,2.6
Chennai,13.0827,80.2707,2000-05-06,2000-05-11 21:00:00,138,138,141,0.0,0.306,0.0,0.0,1.1,1.1
Chennai,13.0827,80.2707,2000-05-06,2000-05-12 03:00:00,144,144,147,0.0,0.002,0.0,0.0,0.01,0.01
Chennai,13.0827,80.2707,2000-05-06,2000-05-12 09:00:00,150,150,153,0.0,0.0,0.0,0.0,0.0,0.0
Chennai,13.0827,80.2707,2000-05-06,2000-05-12 15:00:00,156,156,159,0.0,3.7,0.0,0.0,18.5,18.5
Chennai,13.0827,80.2707,2000-05-06,2000-05-12 21:00:00,162,162,165,0.0,0.0,0.0,0.0,0.0,0.0
Chennai,13.0827,80.2707,2000-05-06,2000-05-13 03:00:00,168,168,171,0.0,0.02,0.0,0.0,0.1,0.1
Chennai,13.0827,80.2707,2000-05-06,2000-05-13 09:00:00,174,174,177,0.0,0.06,0.0,0.0,0.3,0.3
Chennai,13.0827,80.2707,2000-05-06,2000-05-13 15:00:00,180,180,183,0.0,0.0,0.0,0.0,0.0,0.0
Chennai,13.0827,80.2707,2000-05-06,2000-05-13 21:00:00,186,186,189,0.0,0.922,0.0,0.0,4.6000000000000005,4.6000000000000005
Chennai,13.0827,80.2707,2000-05-06,2000-05-14 03:00:00,192,192,195,0.0,0.0,0.0,0.0,0.0,0.0
Chennai,13.0827,80.2707,2000-05-06,2000-05-14 09:00:00,198,198,201,0.0,0.0,0.0,0.0,0.0,0.0
Chennai,13.0827,80.2707,2000-05-06,2000-05-14 15:00:00,204,204,207,0.0,0.23199999999999998,0.0,0.0,1.16,1.16
Chennai,13.0827,80.2707,2000-05-06,2000-05-14 21:00:00,210,210,213,0.0,0.0,0.0,0.0,0.0,0.0
Chennai,13.0827,80.2707,2000-05-06,2000-05-15 03:00:00,216,216,219,0.0,0.02,0.0,0.0,0.1,0.1
Chennai,13.0827,80.2707,2000-05-06,2000-05-15 09:00:00,222,222,225,0.0,0.0,0.0,0.0,0.0,0.0
Chennai,13.0827,80.2707,2000-05-06,2000-05-15 15:00:00,228,228,231,0.0,0.0,0.0,0.0,0.0,0.0
Chennai,13.0827,80.2707,2000-05-06,2000-05-15 21:00:00,234,234,237,0.0,0.182,0.0,0.0,0.91,0.91
Chennai,13.0827,80.2707,2000-05-24,2000-05-24 03:00:00,0,0,3,0.0,0.0,0.0,0.0,0.0,0.0
Chennai,13.0827,80.2707,2000-05-24,2000-05-24 09:00:00,6,6,9,0.1,0.13,0.1,0.0,0.45,0.45
Chennai,13.0827,80.2707,2000-05-24,2000-05-24 15:00:00,12,12,15,0.0,0.4800000000000001,0.0,0.0,1.7000000000000002,1.7000000000000002
Chennai,13.0827,80.2707,2000-05-24,2000-05-24 21:00:00,18,18,21,0.0,0.0,0.0,0.0,0.0,0.0
Chennai,13.0827,80.2707,2000-05-24,2000-05-25 03:00:00,24,24,27,0.0,0.002,0.0,0.0,0.01,0.01
Chennai,13.0827,80.2707,2000-05-24,2000-05-25 09:00:00,30,30,33,0.02,0.084,0.0,0.0,0.4,0.4
Chennai,13.0827,80.2707,2000-05-24,2000-05-25 15:00:00,36,36,39,0.0,0.18,0.0,0.0,0.9,0.9
Chennai,13.0827,80.2707,2000-05-24,2000-05-25 21:00:00,42,42,45,0.0,0.2,0.0,0.0,1.0,1.0
Chennai,13.0827,80.2707,2000-05-24,2000-05-26 03:00:00,48,48,51,0.0,0.004,0.0,0.0,0.01,0.01
Chennai,13.0827,80.2707,2000-05-24,2000-05-26 09:00:00,54,54,57,0.0,0.06,0.0,0.0,0.3,0.3
Chennai,13.0827,80.2707,2000-05-24,2000-05-26 15:00:00,60,60,63,1.13,0.466,0.0,0.0,1.2000000000000002,1.2000000000000002
Chennai,13.0827,80.2707,2000-05-24,2000-05-26 21:00:00,66,66,69,10.6,2.218,0.0,0.0,10.6,10.6
Chennai,13.0827,80.2707,2000-05-24,2000-05-27 03:00:00,72,72,75,0.24,0.074,0.0,0.0,0.24,0.24
Chennai,13.0827,80.2707,2000-05-24,2000-05-27 09:00:00,78,78,81,0.0,0.22400000000000003,0.0,0.0,1.12,1.12
Chennai,13.0827,80.2707,2000-05-24,2000-05-27 15:00:00,84,84,87,0.0,3.9799999999999995,0.0,0.0,19.9,19.9
Chennai,13.0827,80.2707,2000-05-24,2000-05-27 21:00:00,90,90,93,1.79,0.654,0.6000000000000001,0.0,1.79,1.79
Chennai,13.0827,80.2707,2000-05-24,2000-05-28 03:00:00,96,96,99,1.82,0.852,0.74,0.0,1.82,1.82
Chennai,13.0827,80.2707,2000-05-24,2000-05-28 09:00:00,102,102,105,0.0,0.0,0.0,0.0,0.0,0.0
Chennai,13.0827,80.2707,2000-05-24,2000-05-28 15:00:00,108,108,111,0.0,0.718,0.68,0.0,1.5,1.5
Chennai,13.0827,80.2707,2000-05-24,2000-05-28 21:00:00,114,114,117,0.0,0.01,0.01,0.0,0.03,0.03
Chennai,13.0827,80.2707,2000-05-24,2000-05-29 03:00:00,120,120,123,0.0,0.0,0.0,0.0,0.0,0.0
Chennai,13.0827,80.2707,2000-05-24,2000-05-29 09:00:00,126,126,129,0.0,0.0,0.0,0.0,0.0,0.0
Chennai,13.0827,80.2707,2000-05-24,2000-05-29 15:00:00,132,132,135,0.0,0.51,0.0,0.0,2.35,2.35
Chennai,13.0827,80.2707,2000-05-24,2000-05-29 21:00:00,138,138,141,0.1,0.12,0.0,0.0,0.5,0.5
Chennai,13.0827,80.2707,2000-05-24,2000-05-30 03:00:00,144,144,147,0.0,0.10600000000000001,0.0,0.0,0.53,0.53
Chennai,13.0827,80.2707,2000-05-24,2000-05-30 09:00:00,150,150,153,0.0,0.064,0.0,0.0,0.32,0.32
Chennai,13.0827,80.2707,2000-05-24,2000-05-30 15:00:00,156,156,159,0.0,0.0,0.0,0.0,0.0,0.0
Chennai,13.0827,80.2707,2000-05-24,2000-05-30 21:00:00,162,162,165,0.5,0.10400000000000001,0.0,0.0,0.5,0.5
Chennai,13.0827,80.2707,2000-05-24,2000-05-31 03:00:00,168,168,171,0.0,0.0,0.0,0.0,0.0,0.0
Chennai,13.0827,80.2707,2000-05-24,2000-05-31 09:00:00,174,174,177,0.0,0.002,0.0,0.0,0.01,0.01
Chennai,13.0827,80.2707,2000-05-24,2000-05-31 15:00:00,180,180,183,0.0,0.02,0.0,0.0,0.1,0.1
Chennai,13.0827,80.2707,2000-05-24,2000-05-31 21:00:00,186,186,189,0.6,0.24,0.2,0.0,0.6,0.6
Chennai,13.0827,80.2707,2000-05-24,2000-06-01 03:00:00,192,192,195,1.02,0.20400000000000001,0.0,0.0,1.02,1.02
Chennai,13.0827,80.2707,2000-05-24,2000-06-01 09:00:00,198,198,201,0.0,0.118,0.0,0.0,0.59,0.59
Chennai,13.0827,80.2707,2000-05-24,2000-06-01 15:00:00,204,204,207,0.0,1.764,0.0,0.0,5.9,5.9
Chennai,13.0827,80.2707,2000-05-24,2000-06-01 21:00:00,210,210,213,0.0,2.336,0.0,0.0,11.4,11.4
Chennai,13.0827,80.2707,2000-05-24,2000-06-02 03:00:00,216,216,219,2.9000000000000004,1.0859999999999999,0.5,0.0,2.9000000000000004,2.9000000000000004
Chennai,13.0827,80.2707,2000-05-24,2000-06-02 09:00:00,222,222,225,0.0,1.068,0.0,0.0,3.94,3.94
Chennai,13.0827,80.2707,2000-05-24,2000-06-02 15:00:00,228,228,231,1.7000000000000002,0.52,0.0,0.0,1.7000000000000002,1.7000000000000002
Chennai,13.0827,80.2707,2000-05-24,2000-06-02 21:00:00,234,234,237,0.0,1.044,0.4,0.0,4.3,4.3
Chennai,13.0827,80.2707,2000-06-11,2000-06-11 03:00:00,0,0,3,0.0,0.0,0.0,0.0,0.0,0.0
Chennai,13.0827,80.2707,2000-06-11,2000-06-11 09:00:00,6,6,9,0.0,0.0,0.0,0.0,0.0,0.0
Chennai,13.0827,80.2707,2000-06-11,2000-06-11 15:00:00,12,12,15,0.6000000000000001,2.06,2.3000000000000003,0.6000000000000001,3.3000000000000003,2.7
Chennai,13.0827,80.2707,2000-06-11,2000-06-11 21:00:00,18,18,21,0.0,1.948,0.6000000000000001,0.0,5.6000000000000005,5.6000000000000005
Chennai,13.0827,80.2707,2000-06-11,2000-06-12 03:00:00,24,24,27,0.0,0.0,0.0,0.0,0.0,0.0
Chennai,13.0827,80.2707,2000-06-11,2000-06-12 09:00:00,30,30,33,0.0,0.042,0.0,0.0,0.2,0.2
Chennai,13.0827,80.2707,2000-06-11,2000-06-12 15:00:00,36,36,39,0.03,0.764,0.03,0.0,3.25,3.25
Chennai,13.0827,80.2707,2000-06-11,2000-06-12 21:00:00,42,42,45,0.0,0.0,0.0,0.0,0.0,0.0
Chennai,13.0827,80.2707,2000-06-11,2000-06-13 03:00:00,48,48,51,0.0,0.0,0.0,0.0,0.0,0.0
Chennai,13.0827,80.2707,2000-06-11,2000-06-13 09:00:00,54,54,57,0.0,0.0,0.0,0.0,0.0,0.0
Chennai,13.0827,80.2707,2000-06-11,2000-06-13 15:00:00,60,60,63,1.48,0.296,0.0,0.0,1.48,1.48
Chennai,13.0827,80.2707,2000-06-11,2000-06-13 21:00:00,66,66,69,0.0,0.0,0.0,0.0,0.0,0.0
Chennai,13.0827,80.2707,2000-06-11,2000-06-14 03:00:00,72,72,75,0.0,0.002,0.0,0.0,0.01,0.01
Chennai,13.0827,80.2707,2000-06-11,2000-06-14 09:00:00,78,78,81,0.0,0.0,0.0,0.0,0.0,0.0
Chennai,13.0827,80.2707,2000-06-11,2000-06-14 15:00:00,84,84,87,0.0,0.008,0.0,0.0,0.04,0.04
Chennai,13.0827,80.2707,2000-06-11,2000-06-14 21:00:00,90,90,93,0.0,0.04,0.0,0.0,0.2,0.2
Chennai,13.0827,80.2707,2000-06-11,2000-06-15 03:00:00,96,96,99,0.0,0.002,0.0,0.0,0.01,0.01
Chennai,13.0827,80.2707,2000-06-11,2000-06-15 09:00:00,102,102,105,0.0,0.0,0.0,0.0,0.0,0.0
Chennai,13.0827,80.2707,2000-06-11,2000-06-15 15:00:00,108,108,111,2.91,0.612,0.02,0.0,2.91,2.91
Chennai,13.0827,80.2707,2000-06-11,2000-06-15 21:00:00,114,114,117,0.0,0.006,0.0,0.0,0.02,0.02
Chennai,13.0827,80.2707,2000-06-11,2000-06-16 03:00:00,120,120,123,0.0,0.0,0.0,0.0,0.0,0.0
Chennai,13.0827,80.2707,2000-06-11,2000-06-16 09:00:00,126,126,129,0.0,0.242,0.01,0.0,0.6000000000000001,0.6000000000000001
Chennai,13.0827,80.2707,2000-06-11,2000-06-16 15:00:00,132,132,135,0.9,0.45999999999999996,0.0,0.0,1.4,1.4
Chennai,13.0827,80.2707,2000-06-11,2000-06-16 21:00:00,138,138,141,0.0,0.466,0.0,0.0,2.33,2.33
Chennai,13.0827,80.2707,2000-06-11,2000-06-17 03:00:00,144,144,147,0.0,0.12200000000000003,0.0,0.0,0.6000000000000001,0.6000000000000001
Chennai,13.0827,80.2707,2000-06-11,2000-06-17 09:00:00,150,150,153,0.0,0.0,0.0,0.0,0.0,0.0
Chennai,13.0827,80.2707,2000-06-11,2000-06-17 15:00:00,156,156,159,0.26,0.072,0.02,0.0,0.26,0.26
Chennai,13.0827,80.2707,2000-06-11,2000-06-17 21:00:00,162,162,165,0.0,6.176,0.2,0.0,27.18,27.18
Chennai,13.0827,80.2707,2000-06-11,2000-06-18 03:00:00,168,168,171,0.0,0.0,0.0,0.0,0.0,0.0
Chennai,13.0827,80.2707,2000-06-11,2000-06-18 09:00:00,174,174,177,0.0,0.0,0.0,0.0,0.0,0.0
Chennai,13.0827,80.2707,2000-06-11,2000-06-18 15:00:00,180,180,183,0.0,0.012,0.0,0.0,0.06,0.06
Chennai,13.0827,80.2707,2000-06-11,2000-06-18 21:00:00,186,186,189,0.78,0.762,0.78,0.0,1.69,1.69
Chennai,13.0827,80.2707,2000-06-11,2000-06-19 03:00:00,192,192,195,0.0,0.0,0.0,0.0,0.0,0.0
Chennai,13.0827,80.2707,2000-06-11,2000-06-19 09:00:00,198,198,201,0.0,0.0,0.0,0.0,0.0,0.0
Chennai,13.0827,80.2707,2000-06-11,2000-06-19 15:00:00,204,204,207,1.2000000000000002,0.4720000000000001,0.4,0.0,1.2000000000000002,1.2000000000000002
Chennai,13.0827,80.2707,2000-06-11,2000-06-19 21:00:00,210,210,213,1.4,1.106,1.4,0.0,2.33,2.33
Chennai,13.0827,80.2707,2000-06-11,2000-06-20 03:00:00,216,216,219,0.0,0.0,0.0,0.0,0.0,0.0
Chennai,13.0827,80.2707,2000-06-11,2000-06-20 09:00:00,222,222,225,0.0,0.0,0.0,0.0,0.0,0.0
Chennai,13.0827,80.2707,2000-06-11,2000-06-20 15:00:00,228,228,231,0.0,0.0,0.0,0.0,0.0,0.0
Chennai,13.0827,80.2707,2000-06-11,2000-06-20 21:00:00,234,234,237,0.1,0.8400000000000001,0.0,0.0,4.1000000000000005,4.1000000000000005
Chennai,13.0827,80.2707,2000-06-29,2000-06-29 03:00:00,0,0,3,0.0,0.0,0.0,0.0,0.0,0.0
Chennai,13.0827,80.2707,2000-06-29,2000-06-29 09:00:00,6,6,9,0.01,0.002,0.0,0.0,0.01,0.01
Chennai,13.0827,80.2707,2000-06-29,2000-06-29 15:00:00,12,12,15,5.76,1.5,0.5,0.0,5.76,5.76
Chennai,13.0827,80.2707,2000-06-29,2000-06-29 21:00:00,18,18,21,0.0,0.02,0.0,0.0,0.1,0.1
Chennai,13.0827,80.2707,2000-06-29,2000-06-30 03:00:00,24,24,27,0.0,0.0,0.0,0.0,0.0,0.0
Chennai,13.0827,80.2707,2000-06-29,2000-06-30 09:00:00,30,30,33,0.0,0.0,0.0,0.0,0.0,0.0
Chennai,13.0827,80.2707,2000-06-29,2000-06-30 15:00:00,36,36,39,0.0,0.27199999999999996,0.0,0.0,0.86,0.86
Chennai,13.0827,80.2707,2000-06-29,2000-06-30 21:00:00,42,42,45,0.0,0.0,0.0,0.0,0.0,0.0
Chennai,13.0827,80.2707,2000-06-29,2000-07-01 03:00:00,48,48,51,0.0,0.0,0.0,0.0,0.0,0.0
Chennai,13.0827,80.2707,2000-06-29,2000-07-01 09:00:00,54,54,57,0.0,0.0,0.0,0.0,0.0,0.0
Chennai,13.0827,80.2707,2000-06-29,2000-07-01 15:00:00,60,60,63,2.07,1.188,0.64,0.0,3.23,3.23
Chennai,13.0827,80.2707,2000-06-29,2000-07-01 21:00:00,66,66,69,0.01,0.664,0.3,0.0,1.8,1.8
Chennai,13.0827,80.2707,2000-06-29,2000-07-02 03:00:00,72,72,75,0.0,0.42000000000000004,0.0,0.0,2.1,2.1
Chennai,13.0827,80.2707,2000-06-29,2000-07-02 09:00:00,78,78,81,0.0,0.33999999999999997,0.0,0.0,1.7,1.7
Chennai,13.0827,80.2707,2000-06-29,2000-07-02 15:00:00,84,84,87,0.05,0.11400000000000002,0.02,0.0,0.5,0.5
Chennai,13.0827,80.2707,2000-06-29,2000-07-02 21:00:00,90,90,93,0.0,1.0,0.4,0.0,3.1,3.1
Chennai,13.0827,80.2707,2000-06-29,2000-07-03 03:00:00,96,96,99,0.03,0.836,0.03,0.0,3.35,3.35
Chennai,13.0827,80.2707,2000-06-29,2000-07-03 09:00:00,102,102,105,0.0,0.022,0.0,0.0,0.1,0.1
Chennai,13.0827,80.2707,2000-06-29,2000-07-03 15:00:00,108,108,111,0.14,0.068,0.1,0.0,0.14,0.14
Chennai,13.0827,80.2707,2000-06-29,2000-07-03 21:00:00,114,114,117,0.7000000000000001,3.096,1.4,0.0,11.98,11.98
Chennai,13.0827,80.2707,2000-06-29,2000-07-04 03:00:00,120,120,123,7.800000000000001,1.6400000000000001,0.0,0.0,7.800000000000001,7.800000000000001
Chennai,13.0827,80.2707,2000-06-29,2000-07-04 09:00:00,126,126,129,0.4,2.498,0.4,0.0,11.49,11.49
Chennai,13.0827,80.2707,2000-06-29,2000-07-04 15:00:00,132,132,135,0.1,0.178,0.2,0.0,0.39,0.39
Chennai,13.0827,80.2707,2000-06-29,2000-07-04 21:00:00,138,138,141,4.800000000000001,0.9840000000000002,0.02,0.0,4.800000000000001,4.800000000000001
Chennai,13.0827,80.2707,2000-06-29,2000-07-05 03:00:00,144,144,147,0.9,0.24,0.0,0.0,0.9,0.9
Chennai,13.0827,80.2707,2000-06-29,2000-07-05 09:00:00,150,150,153,5.2,1.04,0.0,0.0,5.2,5.2
Chennai,13.0827,80.2707,2000-06-29,2000-07-05 15:00:00,156,156,159,0.0,0.0,0.0,0.0,0.0,0.0
Chennai,13.0827,80.2707,2000-06-29,2000-07-05 21:00:00,162,162,165,0.5,0.22000000000000003,0.0,0.0,0.6000000000000001,0.6000000000000001
Chennai,13.0827,80.2707,2000-06-29,2000-07-06 03:00:00,168,168,171,0.2,0.44000000000000006,0.0,0.0,2.0,2.0
Chennai,13.0827,80.2707,2000-06-29,2000-07-06 09:00:00,174,174,177,0.5,0.23199999999999998,0.3,0.0,0.5,0.5
Chennai,13.0827,80.2707,2000-06-29,2000-07-06 15:00:00,180,180,183,0.0,0.2,0.0,0.0,0.8,0.8
Chennai,13.0827,80.2707,2000-06-29,2000-07-06 21:00:00,186,186,189,0.0,0.0,0.0,0.0,0.0,0.0
Chennai,13.0827,80.2707,2000-06-29,2000-07-07 03:00:00,192,192,195,0.0,0.0,0.0,0.0,0.0,0.0
Chennai,13.0827,80.2707,2000-06-29,2000-07-07 09:00:00,198,198,201,0.1,0.02,0.0,0.0,0.1,0.1
Chennai,13.0827,80.2707,2000-06-29,2000-07-07 15:00:00,204,204,207,0.25,0.15,0.0,0.0,0.5,0.5
Chennai,13.0827,80.2707,2000-06-29,2000-07-07 21:00:00,210,210,213,0.0,0.04,0.0,0.0,0.1,0.1
Chennai,13.0827,80.2707,2000-06-29,2000-07-08 03:00:00,216,216,219,0.0,0.02,0.0,0.0,0.1,0.1
Chennai,13.0827,80.2707,2000-06-29,2000-07-08 09:00:00,222,222,225,0.0,0.12000000000000002,0.0,0.0,0.6000000000000001,0.6000000000000001
Chennai,13.0827,80.2707,2000-06-29,2000-07-08 15:00:00,228,228,231,0.0,0.24000000000000005,0.0,0.0,1.2000000000000002,1.2000000000000002
Chennai,13.0827,80.2707,2000-06-29,2000-07-08 21:00:00,234,234,237,0.0,0.314,0.17,0.0,1.0,1.0
Chennai,13.0827,80.2707,2000-07-17,2000-07-17 03:00:00,0,0,3,0.0,0.0,0.0,0.0,0.0,0.0
Chennai,13.0827,80.2707,2000-07-17,2000-07-17 09:00:00,6,6,9,0.0,0.0,0.0,0.0,0.0,0.0
Chennai,13.0827,80.2707,2000-07-17,2000-07-17 15:00:00,12,12,15,0.45,0.262,0.0,0.0,0.86,0.86
Chennai,13.0827,80.2707,2000-07-17,2000-07-17 21:00:00,18,18,21,0.0,0.0,0.0,0.0,0.0,0.0
Chennai,13.0827,80.2707,2000-07-17,2000-07-18 03:00:00,24,24,27,0.0,0.0,0.0,0.0,0.0,0.0
Chennai,13.0827,80.2707,2000-07-17,2000-07-18 09:00:00,30,30,33,0.0,0.0,0.0,0.0,0.0,0.0
Chennai,13.0827,80.2707,2000-07-17,2000-07-18 15:00:00,36,36,39,0.0,0.06999999999999999,0.0,0.0,0.35,0.35
Chennai,13.0827,80.2707,2000-07-17,2000-07-18 21:00:00,42,42,45,0.0,0.052000000000000005,0.0,0.0,0.26,0.26
Chennai,13.0827,80.2707,2000-07-17,2000-07-19 03:00:00,48,48,51,0.0,0.0,0.0,0.0,0.0,0.0
Chennai,13.0827,80.2707,2000-07-17,2000-07-19 09:00:00,54,54,57,0.0,0.0,0.0,0.0,0.0,0.0
Chennai,13.0827,80.2707,2000-07-17,2000-07-19 15:00:00,60,60,63,0.0,0.006,0.0,0.0,0.03,0.03
Chennai,13.0827,80.2707,2000-07-17,2000-07-19 21:00:00,66,66,69,0.25,0.092,0.01,0.0,0.25,0.25
Chennai,13.0827,80.2707,2000-07-17,2000-07-20 03:00:00,72,72,75,0.0,0.0,0.0,0.0,0.0,0.0
Chennai,13.0827,80.2707,2000-07-17,2000-07-20 09:00:00,78,78,81,0.0,0.0,0.0,0.0,0.0,0.0
Chennai,13.0827,80.2707,2000-07-17,2000-07-20 15:00:00,84,84,87,0.0,0.4,0.1,0.0,1.5,1.5
Chennai,13.0827,80.2707,2000-07-17,2000-07-20 21:00:00,90,90,93,0.0,7.494,0.3,0.0,21.0,21.0
Chennai,13.0827,80.2707,2000-07-17,2000-07-21 03:00:00,96,96,99,0.67,1.848,0.0,0.0,8.57,8.57
Chennai,13.0827,80.2707,2000-07-17,2000-07-21 09:00:00,102,102,105,1.79,0.5980000000000001,0.0,0.0,1.79,1.79
Chennai,13.0827,80.2707,2000-07-17,2000-07-21 15:00:00,108,108,111,0.0,1.24,0.0,0.0,6.2,6.2
Chennai,13.0827,80.2707,2000-07-17,2000-07-21 21:00:00,114,114,117,0.1,0.072,0.1,0.0,0.16,0.16
Chennai,13.0827,80.2707,2000-07-17,2000-07-22 03:00:00,120,120,123,0.01,0.46799999999999997,0.03,0.0,1.3,1.3
Chennai,13.0827,80.2707,2000-07-17,2000-07-22 09:00:00,126,126,129,0.01,0.002,0.0,0.0,0.01,0.01
Chennai,13.0827,80.2707,2000-07-17,2000-07-22 15:00:00,132,132,135,3.02,0.604,0.0,0.0,3.02,3.02
Chennai,13.0827,80.2707,2000-07-17,2000-07-22 21:00:00,138,138,141,2.19,0.442,0.0,0.0,2.19,2.19
Chennai,13.0827,80.2707,2000-07-17,2000-07-23 03:00:00,144,144,147,1.96,0.41200000000000003,0.0,0.0,1.96,1.96
Chennai,13.0827,80.2707,2000-07-17,2000-07-23 09:00:00,150,150,153,0.0,0.062,0.0,0.0,0.3,0.3
Chennai,13.0827,80.2707,2000-07-17,2000-07-23 15:00:00,156,156,159,0.0,0.04,0.0,0.0,0.2,0.2
Chennai,13.0827,80.2707,2000-07-17,2000-07-23 21:00:00,162,162,165,0.01,0.192,0.2,0.01,0.4,0.39
Chennai,13.0827,80.2707,2000-07-17,2000-07-24 03:00:00,168,168,171,0.0,0.422,0.0,0.0,2.0,2.0
Chennai,13.0827,80.2707,2000-07-17,2000-07-24 09:00:00,174,174,177,0.0,0.0,0.0,0.0,0.0,0.0
Chennai,13.0827,80.2707,2000-07-17,2000-07-24 15:00:00,180,180,183,0.85,0.16999999999999998,0.0,0.0,0.85,0.85
Chennai,13.0827,80.2707,2000-07-17,2000-07-24 21:00:00,186,186,189,0.0,1.114,0.87,0.0,3.4000000000000004,3.4000000000000004
Chennai,13.0827,80.2707,2000-07-17,2000-07-25 03:00:00,192,192,195,0.0,0.24000000000000005,0.0,0.0,1.2000000000000002,1.2000000000000002
Chennai,13.0827,80.2707,2000-07-17,2000-07-25 09:00:00,198,198,201,0.0,0.026000000000000002,0.0,0.0,0.13,0.13
Chennai,13.0827,80.2707,2000-07-17,2000-07-25 15:00:00,204,204,207,0.01,0.002,0.0,0.0,0.01,0.01
Chennai,13.0827,80.2707,2000-07-17,2000-07-25 21:00:00,210,210,213,0.5,0.43200000000000005,0.26,0.0,1.4,1.4
Chennai,13.0827,80.2707,2000-07-17,2000-07-26 03:00:00,216,216,219,0.0,0.7,0.0,0.0,3.5,3.5
Chennai,13.0827,80.2707,2000-07-17,2000-07-26 09:00:00,222,222,225,0.0,0.0,0.0,0.0,0.0,0.0
Chennai,13.0827,80.2707,2000-07-17,2000-07-26 15:00:00,228,228,231,0.1,0.02,0.0,0.0,0.1,0.1
Chennai,13.0827,80.2707,2000-07-17,2000-07-26 21:00:00,234,234,237,0.0,0.39,0.05,0.0,1.4,1.4
Chennai,13.0827,80.2707,2000-08-04,2000-08-04 03:00:00,0,0,3,0.0,0.0,0.0,0.0,0.0,0.0
Chennai,13.0827,80.2707,2000-08-04,2000-08-04 09:00:00,6,6,9,0.0,0.0,0.0,0.0,0.0,0.0
Chennai,13.0827,80.2707,2000-08-04,2000-08-04 15:00:00,12,12,15,0.0,0.0,0.0,0.0,0.0,0.0
Chennai,13.0827,80.2707,2000-08-04,2000-08-04 21:00:00,18,18,21,0.8,0.27999999999999997,0.3,0.0,0.8,0.8
Chennai,13.0827,80.2707,2000-08-04,2000-08-05 03:00:00,24,24,27,0.0,0.0,0.0,0.0,0.0,0.0
Chennai,13.0827,80.2707,2000-08-04,2000-08-05 09:00:00,30,30,33,0.0,0.0,0.0,0.0,0.0,0.0
Chennai,13.0827,80.2707,2000-08-04,2000-08-05 15:00:00,36,36,39,0.0,0.0,0.0,0.0,0.0,0.0
Chennai,13.0827,80.2707,2000-08-04,2000-08-05 21:00:00,42,42,45,2.6,1.24,0.4,0.0,2.9000000000000004,2.9000000000000004
Chennai,13.0827,80.2707,2000-08-04,2000-08-06 03:00:00,48,48,51,0.52,0.144,0.0,0.0,0.52,0.52
Chennai,13.0827,80.2707,2000-08-04,2000-08-06 09:00:00,54,54,57,0.0,0.1,0.0,0.0,0.5,0.5
Chennai,13.0827,80.2707,2000-08-04,2000-08-06 15:00:00,60,60,63,4.34,2.88,4.2,0.0,5.1000000000000005,5.1000000000000005
Chennai,13.0827,80.2707,2000-08-04,2000-08-06 21:00:00,66,66,69,20.15,4.81,1.5,0.0,20.15,20.15
Chennai,13.0827,80.2707,2000-08-04,2000-08-07 03:00:00,72,72,75,0.21,0.162,0.0,0.0,0.6000000000000001,0.6000000000000001
Chennai,13.0827,80.2707,2000-08-04,2000-08-07 09:00:00,78,78,81,0.09,0.592,0.07,0.0,2.8000000000000003,2.8000000000000003
Chennai,13.0827,80.2707,2000-08-04,2000-08-07 15:00:00,84,84,87,2.19,1.1019999999999999,0.3,0.0,3.02,3.02
Chennai,13.0827,80.2707,2000-08-04,2000-08-07 21:00:00,90,90,93,0.0,0.404,0.01,0.0,2.0,2.0
Chennai,13.0827,80.2707,2000-08-04,2000-08-08 03:00:00,96,96,99,0.0,0.06000000000000001,0.0,0.0,0.2,0.2
Chennai,13.0827,80.2707,2000-08-04,2000-08-08 09:00:00,102,102,105,0.0,0.04,0.0,0.0,0.2,0.2
Chennai,13.0827,80.2707,2000-08-04,2000-08-08 15:00:00,108,108,111,0.05,1.6900000000000002,0.05,0.0,7.4,7.4
Chennai,13.0827,80.2707,2000-08-04,2000-08-08 21:00:00,114,114,117,0.2,0.68,0.0,0.0,3.2,3.2
Chennai,13.0827,80.2707,2000-08-04,2000-08-09 03:00:00,120,120,123,0.0,0.12000000000000002,0.0,0.0,0.4,0.4
Chennai,13.0827,80.2707,2000-08-04,2000-08-09 09:00:00,126,126,129,0.0,0.0,0.0,0.0,0.0,0.0
Chennai,13.0827,80.2707,2000-08-04,2000-08-09 15:00:00,132,132,135,0.5,0.1,0.0,0.0,0.5,0.5
Chennai,13.0827,80.2707,2000-08-04,2000-08-09 21:00:00,138,138,141,0.0,0.06,0.0,0.0,0.3,0.3
Chennai,13.0827,80.2707,2000-08-04,2000-08-10 03:00:00,144,144,147,0.0,0.02,0.0,0.0,0.1,0.1
Chennai,13.0827,80.2707,2000-08-04,2000-08-10 09:00:00,150,150,153,1.6,0.36,0.0,0.0,1.6,1.6
Chennai,13.0827,80.2707,2000-08-04,2000-08-10 15:00:00,156,156,159,0.1,0.8600000000000001,0.1,0.0,2.1,2.1
Chennai,13.0827,80.2707,2000-08-04,2000-08-10 21:00:00,162,162,165,0.0,0.006,0.0,0.0,0.03,0.03
Chennai,13.0827,80.2707,2000-08-04,2000-08-11 03:00:00,168,168,171,0.0,0.0,0.0,0.0,0.0,0.0
Chennai,13.0827,80.2707,2000-08-04,2000-08-11 09:00:00,174,174,177,0.0,0.0,0.0,0.0,0.0,0.0
Chennai,13.0827,80.2707,2000-08-04,2000-08-11 15:00:00,180,180,183,0.01,0.262,0.01,0.0,1.0,1.0
Chennai,13.0827,80.2707,2000-08-04,2000-08-11 21:00:00,186,186,189,0.0,0.18,0.0,0.0,0.8,0.8
Chennai,13.0827,80.2707,2000-08-04,2000-08-12 03:00:00,192,192,195,0.0,0.18,0.0,0.0,0.9,0.9
Chennai,13.0827,80.2707,2000-08-04,2000-08-12 09:00:00,198,198,201,0.0,0.38,0.0,0.0,1.8,1.8
Chennai,13.0827,80.2707,2000-08-04,2000-08-12 15:00:00,204,204,207,0.0,0.0,0.0,0.0,0.0,0.0
Chennai,13.0827,80.2707,2000-08-04,2000-08-12 21:00:00,210,210,213,1.11,0.852,0.75,0.0,2.4,2.4
Chennai,13.0827,80.2707,2000-08-04,2000-08-13 03:00:00,216,216,219,0.9,0.3,0.0,0.0,0.9,0.9
Chennai,13.0827,80.2707,2000-08-04,2000-08-13 09:00:00,222,222,225,0.0,0.0,0.0,0.0,0.0,0.0
Chennai,13.0827,80.2707,2000-08-04,2000-08-13 15:00:00,228,228,231,0.0,0.12200000000000003,0.0,0.0,0.6000000000000001,0.6000000000000001
Chennai,13.0827,80.2707,2000-08-04,2000-08-13 21:00:00,234,234,237,0.01,0.48600000000000004,0.62,0.01,1.0,0.99
Chennai,13.0827,80.2707,2000-08-22,2000-08-22 03:00:00,0,0,3,0.0,0.0,0.0,0.0,0.0,0.0
Chennai,13.0827,80.2707,2000-08-22,2000-08-22 09:00:00,6,6,9,0.9,0.34,0.2,0.0,0.9,0.9
Chennai,13.0827,80.2707,2000-08-22,2000-08-22 15:00:00,12,12,15,1.3,0.42000000000000004,0.2,0.0,1.3,1.3
Chennai,13.0827,80.2707,2000-08-22,2000-08-22 21:00:00,18,18,21,0.01,1.036,0.1,0.0,4.9,4.9
Chennai,13.0827,80.2707,2000-08-22,2000-08-23 03:00:00,24,24,27,0.0,0.596,0.0,0.0,2.5,2.5
Chennai,13.0827,80.2707,2000-08-22,2000-08-23 09:00:00,30,30,33,0.0,0.018,0.0,0.0,0.09,0.09
Chennai,13.0827,80.2707,2000-08-22,2000-08-23 15:00:00,36,36,39,0.0,0.0,0.0,0.0,0.0,0.0
Chennai,13.0827,80.2707,2000-08-22,2000-08-23 21:00:00,42,42,45,1.43,0.548,0.51,0.0,1.43,1.43
Chennai,13.0827,80.2707,2000-08-22,2000-08-24 03:00:00,48,48,51,0.02,0.16,0.02,0.0,0.6000000000000001,0.6000000000000001
Chennai,13.0827,80.2707,2000-08-22,2000-08-24 09:00:00,54,54,57,0.0,0.004,0.0,0.0,0.02,0.02
Chennai,13.0827,80.2707,2000-08-22,2000-08-24 15:00:00,60,60,63,0.08,0.736,0.08,0.0,3.0,3.0
Chennai,13.0827,80.2707,2000-08-22,2000-08-24 21:00:00,66,66,69,0.02,0.51,0.33,0.0,1.2000000000000002,1.2000000000000002
Chennai,13.0827,80.2707,2000-08-22,2000-08-25 03:00:00,72,72,75,0.0,0.0,0.0,0.0,0.0,0.0
Chennai,13.0827,80.2707,2000-08-22,2000-08-25 09:00:00,78,78,81,0.0,0.1,0.0,0.0,0.4,0.4
Chennai,13.0827,80.2707,2000-08-22,2000-08-25 15:00:00,84,84,87,1.3,0.52,0.5,0.0,1.3,1.3
Chennai,13.0827,80.2707,2000-08-22,2000-08-25 21:00:00,90,90,93,0.0,0.0,0.0,0.0,0.0,0.0
Chennai,13.0827,80.2707,2000-08-22,2000-08-26 03:00:00,96,96,99,0.0,0.08,0.0,0.0,0.4,0.4
Chennai,13.0827,80.2707,2000-08-22,2000-08-26 09:00:00,102,102,105,0.0,0.019999999999999997,0.0,0.0,0.09,0.09
Chennai,13.0827,80.2707,2000-08-22,2000-08-26 15:00:00,108,108,111,2.19,1.7920000000000003,1.23,0.54,4.0,3.46
Chennai,13.0827,80.2707,2000-08-22,2000-08-26 21:00:00,114,114,117,0.0,0.514,0.2,0.0,1.98,1.98
Chennai,13.0827,80.2707,2000-08-22,2000-08-27 03:00:00,120,120,123,0.0,0.08,0.0,0.0,0.4,0.4
Chennai,13.0827,80.2707,2000-08-22,2000-08-27 09:00:00,126,126,129,0.0,0.24,0.0,0.0,1.2,1.2
Chennai,13.0827,80.2707,2000-08-22,2000-08-27 15:00:00,132,132,135,0.44,0.9200000000000002,0.44,0.0,3.2,3.2
Chennai,13.0827,80.2707,2000-08-22,2000-08-27 21:00:00,138,138,141,1.47,0.818,0.11,0.0,2.51,2.51
Chennai,13.0827,80.2707,2000-08-22,2000-08-28 03:00:00,144,144,147,0.0,0.0,0.0,0.0,0.0,0.0
Chennai,13.0827,80.2707,2000-08-22,2000-08-28 09:00:00,150,150,153,0.0,0.0,0.0,0.0,0.0,0.0
Chennai,13.0827,80.2707,2000-08-22,2000-08-28 15:00:00,156,156,159,0.8,0.8380000000000001,0.8,0.5,1.49,0.99
Chennai,13.0827,80.2707,2000-08-22,2000-08-28 21:00:00,162,162,165,0.0,1.0420000000000003,0.01,0.0,5.1000000000000005,5.1000000000000005
Chennai,13.0827,80.2707,2000-08-22,2000-08-29 03:00:00,168,168,171,0.0,0.0,0.0,0.0,0.0,0.0
Chennai,13.0827,80.2707,2000-08-22,2000-08-29 09:00:00,174,174,177,0.7000000000000001,0.42000000000000004,0.3,0.0,1.0,1.0
Chennai,13.0827,80.2707,2000-08-22,2000-08-29 15:00:00,180,180,183,0.0,1.2,0.43,0.0,4.2700000000000005,4.2700000000000005
Chennai,13.0827,80.2707,2000-08-22,2000-08-29 21:00:00,186,186,189,0.7000000000000001,0.36,0.3,0.0,0.8,0.8
Chennai,13.0827,80.2707,2000-08-22,2000-08-30 03:00:00,192,192,195,0.0,0.02,0.0,0.0,0.1,0.1
Chennai,13.0827,80.2707,2000-08-22,2000-08-30 09:00:00,198,198,201,0.0,0.06,0.0,0.0,0.3,0.3
Chennai,13.0827,80.2707,2000-08-22,2000-08-30 15:00:00,204,204,207,0.0,0.76,0.1,0.0,2.0,2.0
Chennai,13.0827,80.2707,2000-08-22,2000-08-30 21:00:00,210,210,213,0.0,0.28,0.0,0.0,1.3,1.3
Chennai,13.0827,80.2707,2000-08-22,2000-08-31 03:00:00,216,216,219,0.0,0.22000000000000003,0.0,0.0,0.7000000000000001,0.7000000000000001
Chennai,13.0827,80.2707,2000-08-22,2000-08-31 09:00:00,222,222,225,0.0,1.732,0.05,0.0,8.11,8.11
Chennai,13.0827,80.2707,2000-08-22,2000-08-31 15:00:00,228,228,231,1.5,1.516,0.1,0.0,5.9,5.9
Chennai,13.0827,80.2707,2000-08-22,2000-08-31 21:00:00,234,234,237,0.0,0.68,0.0,0.0,3.3000000000000003,3.3000000000000003
Chennai,13.0827,80.2707,2000-09-09,2000-09-09 03:00:00,0,0,3,0.8,0.8,0.8,0.8,0.8,0.0
Chennai,13.0827,80.2707,2000-09-09,2000-09-09 09:00:00,6,6,9,0.0,0.16,0.0,0.0,0.8,0.8
Chennai,13.0827,80.2707,2000-09-09,2000-09-09 15:00:00,12,12,15,0.37,0.154,0.0,0.0,0.4,0.4
Chennai,13.0827,80.2707,2000-09-09,2000-09-09 21:00:00,18,18,21,0.01,0.882,0.0,0.0,4.4,4.4
Chennai,13.0827,80.2707,2000-09-09,2000-09-10 03:00:00,24,24,27,0.0,0.4,0.0,0.0,2.0,2.0
Chennai,13.0827,80.2707,2000-09-09,2000-09-10 09:00:00,30,30,33,0.0,0.0,0.0,0.0,0.0,0.0
Chennai,13.0827,80.2707,2000-09-09,2000-09-10 15:00:00,36,36,39,0.0,0.04,0.0,0.0,0.1,0.1
Chennai,13.0827,80.2707,2000-09-09,2000-09-10 21:00:00,42,42,45,1.0,2.56,1.0,0.0,9.0,9.0
Chennai,13.0827,80.2707,2000-09-09,2000-09-11 03:00:00,48,48,51,0.0,0.16,0.0,0.0,0.7000000000000001,0.7000000000000001
Chennai,13.0827,80.2707,2000-09-09,2000-09-11 09:00:00,54,54,57,0.0,0.0,0.0,0.0,0.0,0.0
Chennai,13.0827,80.2707,2000-09-09,2000-09-11 15:00:00,60,60,63,0.0,0.27,0.1,0.0,1.0,1.0
Chennai,13.0827,80.2707,2000-09-09,2000-09-11 21:00:00,66,66,69,0.18,1.3359999999999999,0.2,0.1,5.0,4.9
Chennai,13.0827,80.2707,2000-09-09,2000-09-12 03:00:00,72,72,75,0.0,0.40800000000000003,0.0,0.0,1.9,1.9
Chennai,13.0827,80.2707,2000-09-09,2000-09-12 09:00:00,78,78,81,0.25,0.05,0.0,0.0,0.25,0.25
Chennai,13.0827,80.2707,2000-09-09,2000-09-12 15:00:00,84,84,87,1.25,0.43,0.2,0.1,1.25,1.15
Chennai,13.0827,80.2707,2000-09-09,2000-09-12 21:00:00,90,90,93,1.84,2.444,1.84,0.01,7.800000000000001,7.790000000000001
Chennai,13.0827,80.2707,2000-09-09,2000-09-13 03:00:00,96,96,99,0.0,0.11400000000000002,0.0,0.0,0.5700000000000001,0.5700000000000001
Chennai,13.0827,80.2707,2000-09-09,2000-09-13 09:00:00,102,102,105,0.0,0.22000000000000003,0.0,0.0,0.6000000000000001,0.6000000000000001
Chennai,13.0827,80.2707,2000-09-09,2000-09-13 15:00:00,108,108,111,0.5,0.1,0.0,0.0,0.5,0.5
Chennai,13.0827,80.2707,2000-09-09,2000-09-13 21:00:00,114,114,117,0.5,0.8959999999999999,0.5,0.0,3.28,3.28
Chennai,13.0827,80.2707,2000-09-09,2000-09-14 03:00:00,120,120,123,1.1,0.782,0.6000000000000001,0.0,2.2,2.2
Chennai,13.0827,80.2707,2000-09-09,2000-09-14 09:00:00,126,126,129,0.0,0.1,0.0,0.0,0.5,0.5
Chennai,13.0827,80.2707,2000-09-09,2000-09-14 15:00:00,132,132,135,1.5,0.48,0.3,0.0,1.5,1.5
Chennai,13.0827,80.2707,2000-09-09,2000-09-14 21:00:00,138,138,141,0.65,1.848,1.39,0.4,3.8,3.4
Chennai,13.0827,80.2707,2000-09-09,2000-09-15 03:00:00,144,144,147,0.05,0.13000000000000003,0.0,0.0,0.6000000000000001,0.6000000000000001
Chennai,13.0827,80.2707,2000-09-09,2000-09-15 09:00:00,150,150,153,0.0,0.002,0.0,0.0,0.01,0.01
Chennai,13.0827,80.2707,2000-09-09,2000-09-15 15:00:00,156,156,159,0.41,0.362,0.0,0.0,1.4,1.4
Chennai,13.0827,80.2707,2000-09-09,2000-09-15 21:00:00,162,162,165,0.5,0.4800000000000001,0.5,0.0,1.1,1.1
Chennai,13.0827,80.2707,2000-09-09,2000-09-16 03:00:00,168,168,171,0.0,0.0,0.0,0.0,0.0,0.0
Chennai,13.0827,80.2707,2000-09-09,2000-09-16 09:00:00,174,174,177,0.0,0.02,0.0,0.0,0.1,0.1
Chennai,13.0827,80.2707,2000-09-09,2000-09-16 15:00:00,180,180,183,0.05,0.192,0.05,0.0,0.51,0.51
Chennai,13.0827,80.2707,2000-09-09,2000-09-16 21:00:00,186,186,189,2.3000000000000003,1.6200000000000003,0.5,0.0,5.300000000000001,5.300000000000001
Chennai,13.0827,80.2707,2000-09-09,2000-09-17 03:00:00,192,192,195,0.09,0.998,0.09,0.0,4.6000000000000005,4.6000000000000005
Chennai,13.0827,80.2707,2000-09-09,2000-09-17 09:00:00,198,198,201,0.0,0.18,0.0,0.0,0.9,0.9
Chennai,13.0827,80.2707,2000-09-09,2000-09-17 15:00:00,204,204,207,0.5,0.6,0.3,0.0,2.2,2.2
Chennai,13.0827,80.2707,2000-09-09,2000-09-17 21:00:00,210,210,213,1.53,0.466,0.0,0.0,1.53,1.53
Chennai,13.0827,80.2707,2000-09-09,2000-09-18 03:00:00,216,216,219,0.0,0.86,0.0,0.0,3.9,3.9
Chennai,13.0827,80.2707,2000-09-09,2000-09-18 09:00:00,222,222,225,0.35,0.06999999999999999,0.0,0.0,0.35,0.35
Chennai,13.0827,80.2707,2000-09-09,2000-09-18 15:00:00,228,228,231,1.17,1.244,1.17,0.0,2.6,2.6
Chennai,13.0827,80.2707,2000-09-09,2000-09-18 21:00:00,234,234,237,2.44,1.114,0.8,0.0,2.44,2.44
Chennai,13.0827,80.2707,2000-09-27,2000-09-27 03:00:00,0,0,3,0.0,0.0,0.0,0.0,0.0,0.0
Chennai,13.0827,80.2707,2000-09-27,2000-09-27 09:00:00,6,6,9,0.0,0.04,0.0,0.0,0.2,0.2
Chennai,13.0827,80.2707,2000-09-27,2000-09-27 15:00:00,12,12,15,0.0,0.0,0.0,0.0,0.0,0.0
Chennai,13.0827,80.2707,2000-09-27,2000-09-27 21:00:00,18,18,21,0.24,0.788,0.24,0.0,3.1,3.1
Chennai,13.0827,80.2707,2000-09-27,2000-09-28 03:00:00,24,24,27,0.4,0.544,0.06,0.0,2.24,2.24
Chennai,13.0827,80.2707,2000-09-27,2000-09-28 09:00:00,30,30,33,0.01,0.002,0.0,0.0,0.01,0.01
Chennai,13.0827,80.2707,2000-09-27,2000-09-28 15:00:00,36,36,39,0.0,0.0,0.0,0.0,0.0,0.0
Chennai,13.0827,80.2707,2000-09-27,2000-09-28 21:00:00,42,42,45,3.4000000000000004,1.6300000000000001,1.2000000000000002,0.4,3.4000000000000004,3.0000000000000004
Chennai,13.0827,80.2707,2000-09-27,2000-09-29 03:00:00,48,48,51,0.02,0.044,0.0,0.0,0.2,0.2
Chennai,13.0827,80.2707,2000-09-27,2000-09-29 09:00:00,54,54,57,0.0,0.028000000000000004,0.0,0.0,0.1,0.1
Chennai,13.0827,80.2707,2000-09-27,2000-09-29 15:00:00,60,60,63,2.16,0.8320000000000001,0.5,0.0,2.16,2.16
Chennai,13.0827,80.2707,2000-09-27,2000-09-29 21:00:00,66,66,69,4.67,4.502000000000001,4.67,1.5,6.24,4.74
Chennai,13.0827,80.2707,2000-09-27,2000-09-30 03:00:00,72,72,75,1.03,1.8080000000000003,1.03,0.0,4.91,4.91
Chennai,13.0827,80.2707,2000-09-27,2000-09-30 09:00:00,78,78,81,1.01,0.202,0.0,0.0,1.01,1.01
Chennai,13.0827,80.2707,2000-09-27,2000-09-30 15:00:00,84,84,87,0.0,0.458,0.0,0.0,1.99,1.99
Chennai,13.0827,80.2707,2000-09-27,2000-09-30 21:00:00,90,90,93,8.75,3.0300000000000002,2.9000000000000004,0.0,8.75,8.75
Chennai,13.0827,80.2707,2000-09-27,2000-10-01 03:00:00,96,96,99,2.4,3.5759999999999996,2.4,0.0,11.1,11.1
Chennai,13.0827,80.2707,2000-09-27,2000-10-01 09:00:00,102,102,105,0.0,1.08,0.0,0.0,4.6000000000000005,4.6000000000000005
Chennai,13.0827,80.2707,2000-09-27,2000-10-01 15:00:00,108,108,111,0.0,0.13,0.0,0.0,0.37,0.37
Chennai,13.0827,80.2707,2000-09-27,2000-10-01 21:00:00,114,114,117,0.32,3.2159999999999997,2.11,0.0,7.35,7.35
Chennai,13.0827,80.2707,2000-09-27,2000-10-02 03:00:00,120,120,123,2.4000000000000004,2.248,2.4000000000000004,0.0,4.3,4.3
Chennai,13.0827,80.2707,2000-09-27,2000-10-02 09:00:00,126,126,129,1.0,0.56,0.1,0.0,1.6,1.6
Chennai,13.0827,80.2707,2000-09-27,2000-10-02 15:00:00,132,132,135,0.54,0.786,0.5,0.0,2.7,2.7
Chennai,13.0827,80.2707,2000-09-27,2000-10-02 21:00:00,138,138,141,3.95,1.6200000000000003,0.94,0.0,3.95,3.95
Chennai,13.0827,80.2707,2000-09-27,2000-10-03 03:00:00,144,144,147,3.87,1.2600000000000002,0.23,0.0,3.87,3.87
Chennai,13.0827,80.2707,2000-09-27,2000-10-03 09:00:00,150,150,153,2.39,2.018,0.36,0.0,7.2,7.2
Chennai,13.0827,80.2707,2000-09-27,2000-10-03 15:00:00,156,156,159,17.6,3.95,0.0,0.0,17.6,17.6
Chennai,13.0827,80.2707,2000-09-27,2000-10-03 21:00:00,162,162,165,0.87,0.49400000000000005,0.5,0.0,1.1,1.1
Chennai,13.0827,80.2707,2000-09-27,2000-10-04 03:00:00,168,168,171,0.0,0.0,0.0,0.0,0.0,0.0
Chennai,13.0827,80.2707,2000-09-27,2000-10-04 09:00:00,174,174,177,0.02,0.48,0.01,0.0,2.37,2.37
Chennai,13.0827,80.2707,2000-09-27,2000-10-04 15:00:00,180,180,183,0.0,0.8400000000000001,0.0,0.0,4.0,4.0
Chennai,13.0827,80.2707,2000-09-27,2000-10-04 21:00:00,186,186,189,6.8500000000000005,1.7040000000000002,0.7000000000000001,0.0,6.8500000000000005,6.8500000000000005
Chennai,13.0827,80.2707,2000-09-27,2000-10-05 03:00:00,192,192,195,0.0,0.402,0.01,0.0,1.8,1.8
Chennai,13.0827,80.2707,2000-09-27,2000-10-05 09:00:00,198,198,201,0.0,0.02,0.0,0.0,0.1,0.1
Chennai,13.0827,80.2707,2000-09-27,2000-10-05 15:00:00,204,204,207,0.0,0.0,0.0,0.0,0.0,0.0
Chennai,13.0827,80.2707,2000-09-27,2000-10-05 21:00:00,210,210,213,1.55,0.33,0.0,0.0,1.55,1.55
Chennai,13.0827,80.2707,2000-09-27,2000-10-06 03:00:00,216,216,219,0.02,1.128,0.02,0.0,4.72,4.72
Chennai,13.0827,80.2707,2000-09-27,2000-10-06 09:00:00,222,222,225,3.51,0.702,0.0,0.0,3.51,3.51
Chennai,13.0827,80.2707,2000-09-27,2000-10-06 15:00:00,228,228,231,0.5,0.12,0.0,0.0,0.5,0.5
Chennai,13.0827,80.2707,2000-09-27,2000-10-06 21:00:00,234,234,237,2.63,0.546,0.0,0.0,2.63,2.63
Chennai,13.0827,80.2707,2000-10-15,2000-10-15 03:00:00,0,0,3,0.0,0.0,0.0,0.0,0.0,0.0
Chennai,13.0827,80.2707,2000-10-15,2000-10-15 09:00:00,6,6,9,0.0,0.0,0.0,0.0,0.0,0.0
Chennai,13.0827,80.2707,2000-10-15,2000-10-15 15:00:00,12,12,15,0.0,0.0,0.0,0.0,0.0,0.0
Chennai,13.0827,80.2707,2000-10-15,2000-10-15 21:00:00,18,18,21,0.0,0.0,0.0,0.0,0.0,0.0
Chennai,13.0827,80.2707,2000-10-15,2000-10-16 03:00:00,24,24,27,0.0,0.0,0.0,0.0,0.0,0.0
Chennai,13.0827,80.2707,2000-10-15,2000-10-16 09:00:00,30,30,33,0.0,0.45600000000000007,0.0,0.0,2.08,2.08
Chennai,13.0827,80.2707,2000-10-15,2000-10-16 15:00:00,36,36,39,0.08,0.10200000000000001,0.0,0.0,0.43,0.43
Chennai,13.0827,80.2707,2000-10-15,2000-10-16 21:00:00,42,42,45,1.16,1.1380000000000001,0.04,0.0,4.49,4.49
Chennai,13.0827,80.2707,2000-10-15,2000-10-17 03:00:00,48,48,51,0.0,0.0,0.0,0.0,0.0,0.0
Chennai,13.0827,80.2707,2000-10-15,2000-10-17 09:00:00,54,54,57,0.0,0.02,0.0,0.0,0.1,0.1
Chennai,13.0827,80.2707,2000-10-15,2000-10-17 15:00:00,60,60,63,0.0,0.174,0.0,0.0,0.63,0.63
Chennai,13.0827,80.2707,2000-10-15,2000-10-17 21:00:00,66,66,69,0.0,0.042,0.0,0.0,0.2,0.2
Chennai,13.0827,80.2707,2000-10-15,2000-10-18 03:00:00,72,72,75,0.0,0.08,0.0,0.0,0.2,0.2
Chennai,13.0827,80.2707,2000-10-15,2000-10-18 09:00:00,78,78,81,0.0,0.068,0.0,0.0,0.2,0.2
Chennai,13.0827,80.2707,2000-10-15,2000-10-18 15:00:00,84,84,87,0.0,0.062,0.0,0.0,0.21,0.21
Chennai,13.0827,80.2707,2000-10-15,2000-10-18 21:00:00,90,90,93,0.0,1.9860000000000002,0.0,0.0,9.8,9.8
Chennai,13.0827,80.2707,2000-10-15,2000-10-19 03:00:00,96,96,99,0.0,0.8,0.0,0.0,4.0,4.0
Chennai,13.0827,80.2707,2000-10-15,2000-10-19 09:00:00,102,102,105,0.0,0.04,0.0,0.0,0.2,0.2
Chennai,13.0827,80.2707,2000-10-15,2000-10-19 15:00:00,108,108,111,0.0,0.76,0.0,0.0,3.8,3.8
Chennai,13.0827,80.2707,2000-10-15,2000-10-19 21:00:00,114,114,117,0.0,0.0,0.0,0.0,0.0,0.0
Chennai,13.0827,80.2707,2000-10-15,2000-10-20 03:00:00,120,120,123,0.0,0.0,0.0,0.0,0.0,0.0
Chennai,13.0827,80.2707,2000-10-15,2000-10-20 09:00:00,126,126,129,0.0,0.002,0.0,0.0,0.01,0.01
Chennai,13.0827,80.2707,2000-10-15,2000-10-20 15:00:00,132,132,135,0.0,0.118,0.0,0.0,0.3,0.3
Chennai,13.0827,80.2707,2000-10-15,2000-10-20 21:00:00,138,138,141,0.0,1.12,0.2,0.0,3.3000000000000003,3.3000000000000003
Chennai,13.0827,80.2707,2000-10-15,2000-10-21 03:00:00,144,144,147,0.0,0.16,0.0,0.0,0.5,0.5
Chennai,13.0827,80.2707,2000-10-15,2000-10-21 09:00:00,150,150,153,0.0,0.13399999999999998,0.0,0.0,0.37,0.37
Chennai,13.0827,80.2707,2000-10-15,2000-10-21 15:00:00,156,156,159,0.2,1.42,0.2,0.0,3.8,3.8
Chennai,13.0827,80.2707,2000-10-15,2000-10-21 21:00:00,162,162,165,0.1,0.02,0.0,0.0,0.1,0.1
Chennai,13.0827,80.2707,2000-10-15,2000-10-22 03:00:00,168,168,171,0.0,0.0,0.0,0.0,0.0,0.0
Chennai,13.0827,80.2707,2000-10-15,2000-10-22 09:00:00,174,174,177,0.0,0.7,0.0,0.0,3.5,3.5
Chennai,13.0827,80.2707,2000-10-15,2000-10-22 15:00:00,180,180,183,0.09,1.144,0.0,0.0,5.63,5.63
Chennai,13.0827,80.2707,2000-10-15,2000-10-22 21:00:00,186,186,189,0.03,1.306,0.0,0.0,6.5,6.5
Chennai,13.0827,80.2707,2000-10-15,2000-10-23 03:00:00,192,192,195,0.0,0.0,0.0,0.0,0.0,0.0
Chennai,13.0827,80.2707,2000-10-15,2000-10-23 09:00:00,198,198,201,0.0,0.08,0.0,0.0,0.4,0.4
Chennai,13.0827,80.2707,2000-10-15,2000-10-23 15:00:00,204,204,207,0.0,0.18,0.0,0.0,0.9,0.9
Chennai,13.0827,80.2707,2000-10-15,2000-10-23 21:00:00,210,210,213,0.0,0.16,0.0,0.0,0.8,0.8
Chennai,13.0827,80.2707,2000-10-15,2000-10-24 03:00:00,216,216,219,0.0,0.0,0.0,0.0,0.0,0.0
Chennai,13.0827,80.2707,2000-10-15,2000-10-24 09:00:00,222,222,225,0.0,0.0,0.0,0.0,0.0,0.0
Chennai,13.0827,80.2707,2000-10-15,2000-10-24 15:00:00,228,228,231,0.0,0.0,0.0,0.0,0.0,0.0
Chennai,13.0827,80.2707,2000-10-15,2000-10-24 21:00:00,234,234,237,0.0,0.0,0.0,0.0,0.0,0.0
Chennai,13.0827,80.2707,2000-11-02,2000-11-02 03:00:00,0,0,3,5.1000000000000005,5.1000000000000005,5.1000000000000005,5.1000000000000005,5.1000000000000005,0.0
Chennai,13.0827,80.2707,2000-11-02,2000-11-02 09:00:00,6,6,9,0.0,0.08,0.0,0.0,0.4,0.4
Chennai,13.0827,80.2707,2000-11-02,2000-11-02 15:00:00,12,12,15,0.0,0.26,0.0,0.0,1.3,1.3
Chennai,13.0827,80.2707,2000-11-02,2000-11-02 21:00:00,18,18,21,0.0,0.02,0.0,0.0,0.1,0.1
Chennai,13.0827,80.2707,2000-11-02,2000-11-03 03:00:00,24,24,27,0.0,0.576,0.0,0.0,2.48,2.48
Chennai,13.0827,80.2707,2000-11-02,2000-11-03 09:00:00,30,30,33,0.06,0.068,0.08,0.0,0.1,0.1
Chennai,13.0827,80.2707,2000-11-02,2000-11-03 15:00:00,36,36,39,0.0,0.0,0.0,0.0,0.0,0.0
Chennai,13.0827,80.2707,2000-11-02,2000-11-03 21:00:00,42,42,45,0.3,0.52,0.3,0.0,1.4,1.4
Chennai,13.0827,80.2707,2000-11-02,2000-11-04 03:00:00,48,48,51,0.1,0.386,0.2,0.0,0.8300000000000001,0.8300000000000001
Chennai,13.0827,80.2707,2000-11-02,2000-11-04 09:00:00,54,54,57,0.0,0.1,0.0,0.0,0.4,0.4
Chennai,13.0827,80.2707,2000-11-02,2000-11-04 15:00:00,60,60,63,0.8,0.402,0.5,0.0,0.8,0.8
Chennai,13.0827,80.2707,2000-11-02,2000-11-04 21:00:00,66,66,69,1.5,0.6839999999999999,0.5,0.02,1.5,1.48
Chennai,13.0827,80.2707,2000-11-02,2000-11-05 03:00:00,72,72,75,0.0,0.16,0.1,0.0,0.6000000000000001,0.6000000000000001
Chennai,13.0827,80.2707,2000-11-02,2000-11-05 09:00:00,78,78,81,0.0,0.094,0.0,0.0,0.47,0.47
Chennai,13.0827,80.2707,2000-11-02,2000-11-05 15:00:00,84,84,87,0.13,0.20600000000000002,0.0,0.0,0.9,0.9
Chennai,13.0827,80.2707,2000-11-02,2000-11-05 21:00:00,90,90,93,0.99,0.244,0.1,0.0,0.99,0.99
Chennai,13.0827,80.2707,2000-11-02,2000-11-06 03:00:00,96,96,99,0.01,0.002,0.0,0.0,0.01,0.01
Chennai,13.0827,80.2707,2000-11-02,2000-11-06 09:00:00,102,102,105,0.0,0.16,0.0,0.0,0.8,0.8
Chennai,13.0827,80.2707,2000-11-02,2000-11-06 15:00:00,108,108,111,0.0,0.16,0.0,0.0,0.8,0.8
Chennai,13.0827,80.2707,2000-11-02,2000-11-06 21:00:00,114,114,117,0.01,0.40199999999999997,0.0,0.0,2.0,2.0
Chennai,13.0827,80.2707,2000-11-02,2000-11-07 03:00:00,120,120,123,0.02,0.324,0.02,0.0,1.5,1.5
Chennai,13.0827,80.2707,2000-11-02,2000-11-07 09:00:00,126,126,129,0.0,0.0,0.0,0.0,0.0,0.0
Chennai,13.0827,80.2707,2000-11-02,2000-11-07 15:00:00,132,132,135,0.0,0.12000000000000002,0.0,0.0,0.6000000000000001,0.6000000000000001
Chennai,13.0827,80.2707,2000-11-02,2000-11-07 21:00:00,138,138,141,0.0,0.386,0.3,0.0,1.3,1.3
Chennai,13.0827,80.2707,2000-11-02,2000-11-08 03:00:00,144,144,147,0.03,1.466,0.5,0.03,6.2,6.17
Chennai,13.0827,80.2707,2000-11-02,2000-11-08 09:00:00,150,150,153,0.0,0.9100000000000001,0.1,0.0,2.95,2.95
Chennai,13.0827,80.2707,2000-11-02,2000-11-08 15:00:00,156,156,159,0.09,0.158,0.1,0.0,0.5,0.5
Chennai,13.0827,80.2707,2000-11-02,2000-11-08 21:00:00,162,162,165,0.03,0.5860000000000001,0.0,0.0,2.9000000000000004,2.9000000000000004
Chennai,13.0827,80.2707,2000-11-02,2000-11-09 03:00:00,168,168,171,0.0,1.6,0.6000000000000001,0.0,4.800000000000001,4.800000000000001
Chennai,13.0827,80.2707,2000-11-02,2000-11-09 09:00:00,174,174,177,0.0,1.6800000000000002,0.4,0.0,4.2,4.2
Chennai,13.0827,80.2707,2000-11-02,2000-11-09 15:00:00,180,180,183,0.02,0.8640000000000001,0.8,0.0,2.3000000000000003,2.3000000000000003
Chennai,13.0827,80.2707,2000-11-02,2000-11-09 21:00:00,186,186,189,0.03,0.20600000000000002,0.03,0.0,0.5,0.5
Chennai,13.0827,80.2707,2000-11-02,2000-11-10 03:00:00,192,192,195,0.1,0.6000000000000001,0.1,0.0,2.8000000000000003,2.8000000000000003
Chennai,13.0827,80.2707,2000-11-02,2000-11-10 09:00:00,198,198,201,0.0,0.24000000000000005,0.0,0.0,0.7000000000000001,0.7000000000000001
Chennai,13.0827,80.2707,2000-11-02,2000-11-10 15:00:00,204,204,207,0.11,0.6559999999999999,0.11,0.0,2.77,2.77
Chennai,13.0827,80.2707,2000-11-02,2000-11-10 21:00:00,210,210,213,0.47,0.434,0.47,0.0,1.0,1.0
Chennai,13.0827,80.2707,2000-11-02,2000-11-11 03:00:00,216,216,219,0.6000000000000001,0.2,0.1,0.0,0.6000000000000001,0.6000000000000001
Chennai,13.0827,80.2707,2000-11-02,2000-11-11 09:00:00,222,222,225,0.74,0.148,0.0,0.0,0.74,0.74
Chennai,13.0827,80.2707,2000-11-02,2000-11-11 15:00:00,228,228,231,0.04,0.052000000000000005,0.02,0.0,0.2,0.2
Chennai,13.0827,80.2707,2000-11-02,2000-11-11 21:00:00,234,234,237,0.3,0.32,0.0,0.0,1.3,1.3
Chennai,13.0827,80.2707,2000-11-20,2000-11-20 03:00:00,0,0,3,0.0,0.0,0.0,0.0,0.0,0.0
Chennai,13.0827,80.2707,2000-11-20,2000-11-20 09:00:00,6,6,9,0.0,0.0,0.0,0.0,0.0,0.0
Chennai,13.0827,80.2707,2000-11-20,2000-11-20 15:00:00,12,12,15,0.0,0.0,0.0,0.0,0.0,0.0
Chennai,13.0827,80.2707,2000-11-20,2000-11-20 21:00:00,18,18,21,0.5,0.8,0.7000000000000001,0.5,1.2000000000000002,0.7000000000000002
Chennai,13.0827,80.2707,2000-11-20,2000-11-21 03:00:00,24,24,27,1.2000000000000002,1.334,1.2000000000000002,0.9,2.2,1.3000000000000003
Chennai,13.0827,80.2707,2000-11-20,2000-11-21 09:00:00,30,30,33,0.0,0.156,0.06,0.0,0.4,0.4
Chennai,13.0827,80.2707,2000-11-20,2000-11-21 15:00:00,36,36,39,0.14,0.8940000000000001,0.4,0.14,2.2,2.06
Chennai,13.0827,80.2707,2000-11-20,2000-11-21 21:00:00,42,42,45,0.5,0.9800000000000001,0.5,0.3,2.2,1.9000000000000001
Chennai,13.0827,80.2707,2000-11-20,2000-11-22 03:00:00,48,48,51,0.9,1.1480000000000001,0.9,0.4,2.63,2.23
Chennai,13.0827,80.2707,2000-11-20,2000-11-22 09:00:00,54,54,57,0.14,1.2739999999999998,0.14,0.02,3.8,3.78
Chennai,13.0827,80.2707,2000-11-20,2000-11-22 15:00:00,60,60,63,0.2,0.8480000000000001,1.1,0.0,1.7000000000000002,1.7000000000000002
Chennai,13.0827,80.2707,2000-11-20,2000-11-22 21:00:00,66,66,69,0.15,1.35,0.5,0.0,3.4000000000000004,3.4000000000000004
Chennai,13.0827,80.2707,2000-11-20,2000-11-23 03:00:00,72,72,75,0.6000000000000001,2.24,1.2000000000000002,0.0,5.300000000000001,5.300000000000001
Chennai,13.0827,80.2707,2000-11-20,2000-11-23 09:00:00,78,78,81,4.24,3.8280000000000003,4.24,0.04,9.1,9.06
Chennai,13.0827,80.2707,2000-11-20,2000-11-23 15:00:00,84,84,87,1.68,4.862,1.68,0.02,18.4,18.38
Chennai,13.0827,80.2707,2000-11-20,2000-11-23 21:00:00,90,90,93,5.7700000000000005,3.4940000000000007,3.6,0.1,6.800000000000001,6.700000000000001
Chennai,13.0827,80.2707,2000-11-20,2000-11-24 03:00:00,96,96,99,2.5,3.3,3.3000000000000003,2.5,4.3,1.7999999999999998
Chennai,13.0827,80.2707,2000-11-20,2000-11-24 09:00:00,102,102,105,5.49,1.9420000000000002,1.5,0.04,5.49,5.45
Chennai,13.0827,80.2707,2000-11-20,2000-11-24 15:00:00,108,108,111,4.0600000000000005,2.2960000000000003,1.7000000000000002,0.7000000000000001,4.0600000000000005,3.3600000000000003
Chennai,13.0827,80.2707,2000-11-20,2000-11-24 21:00:00,114,114,117,4.0,3.688,4.0,0.1,6.74,6.640000000000001
Chennai,13.0827,80.2707,2000-11-20,2000-11-25 03:00:00,120,120,123,5.3100000000000005,2.6580000000000004,2.23,0.1,5.3100000000000005,5.210000000000001
Chennai,13.0827,80.2707,2000-11-20,2000-11-25 09:00:00,126,126,129,3.66,0.858,0.23,0.0,3.66,3.66
Chennai,13.0827,80.2707,2000-11-20,2000-11-25 15:00:00,132,132,135,1.93,0.46399999999999997,0.1,0.0,1.93,1.93
Chennai,13.0827,80.2707,2000-11-20,2000-11-25 21:00:00,138,138,141,3.2,0.656,0.01,0.0,3.2,3.2
Chennai,13.0827,80.2707,2000-11-20,2000-11-26 03:00:00,144,144,147,3.4000000000000004,0.7200000000000001,0.0,0.0,3.4000000000000004,3.4000000000000004
Chennai,13.0827,80.2707,2000-11-20,2000-11-26 09:00:00,150,150,153,7.0,1.54,0.0,0.0,7.0,7.0
Chennai,13.0827,80.2707,2000-11-20,2000-11-26 15:00:00,156,156,159,5.300000000000001,1.6200000000000003,0.0,0.0,5.300000000000001,5.300000000000001
Chennai,13.0827,80.2707,2000-11-20,2000-11-26 21:00:00,162,162,165,6.4,1.6640000000000001,0.02,0.0,6.4,6.4
Chennai,13.0827,80.2707,2000-11-20,2000-11-27 03:00:00,168,168,171,0.0,1.8419999999999999,0.0,0.0,9.2,9.2
Chennai,13.0827,80.2707,2000-11-20,2000-11-27 09:00:00,174,174,177,0.17,3.6040000000000005,0.0,0.0,17.85,17.85
Chennai,13.0827,80.2707,2000-11-20,2000-11-27 15:00:00,180,180,183,1.86,12.5,0.1,0.0,60.54,60.54
Chennai,13.0827,80.2707,2000-11-20,2000-11-27 21:00:00,186,186,189,0.28,3.7399999999999998,0.2,0.0,18.2,18.2
Chennai,13.0827,80.2707,2000-11-20,2000-11-28 03:00:00,192,192,195,0.5,2.4400000000000004,0.5,0.0,10.8,10.8
Chennai,13.0827,80.2707,2000-11-20,2000-11-28 09:00:00,198,198,201,0.15,3.0100000000000002,0.15,0.0,14.1,14.1
Chennai,13.0827,80.2707,2000-11-20,2000-11-28 15:00:00,204,204,207,0.48,1.7160000000000004,0.48,0.0,5.800000000000001,5.800000000000001
Chennai,13.0827,80.2707,2000-11-20,2000-11-28 21:00:00,210,210,213,0.54,1.1880000000000002,0.7000000000000001,0.0,3.0,3.0
Chennai,13.0827,80.2707,2000-11-20,2000-11-29 03:00:00,216,216,219,0.3,0.52,0.3,0.0,1.6,1.6
Chennai,13.0827,80.2707,2000-11-20,2000-11-29 09:00:00,222,222,225,0.0,1.182,0.0,0.0,5.3100000000000005,5.3100000000000005
Chennai,13.0827,80.2707,2000-11-20,2000-11-29 15:00:00,228,228,231,0.0,1.3800000000000001,0.4,0.0,3.9,3.9
Chennai,13.0827,80.2707,2000-11-20,2000-11-29 21:00:00,234,234,237,0.9,1.4600000000000002,0.9,0.0,3.5,3.5
Chennai,13.0827,80.2707,2000-12-08,2000-12-08 03:00:00,0,0,3,0.0,0.0,0.0,0.0,0.0,0.0
Chennai,13.0827,80.2707,2000-12-08,2000-12-08 09:00:00,6,6,9,0.01,0.002,0.0,0.0,0.01,0.01
Chennai,13.0827,80.2707,2000-12-08,2000-12-08 15:00:00,12,12,15,0.0,0.0,0.0,0.0,0.0,0.0
Chennai,13.0827,80.2707,2000-12-08,2000-12-08 21:00:00,18,18,21,0.0,0.0,0.0,0.0,0.0,0.0
Chennai,13.0827,80.2707,2000-12-08,2000-12-09 03:00:00,24,24,27,0.0,0.0,0.0,0.0,0.0,0.0
Chennai,13.0827,80.2707,2000-12-08,2000-12-09 09:00:00,30,30,33,0.0,0.0,0.0,0.0,0.0,0.0
Chennai,13.0827,80.2707,2000-12-08,2000-12-09 15:00:00,36,36,39,0.0,0.0,0.0,0.0,0.0,0.0
Chennai,13.0827,80.2707,2000-12-08,2000-12-09 21:00:00,42,42,45,0.0,0.0,0.0,0.0,0.0,0.0
Chennai,13.0827,80.2707,2000-12-08,2000-12-10 03:00:00,48,48,51,0.0,0.0,0.0,0.0,0.0,0.0
Chennai,13.0827,80.2707,2000-12-08,2000-12-10 09:00:00,54,54,57,0.0,0.0,0.0,0.0,0.0,0.0
Chennai,13.0827,80.2707,2000-12-08,2000-12-10 15:00:00,60,60,63,0.0,0.0,0.0,0.0,0.0,0.0
Chennai,13.0827,80.2707,2000-12-08,2000-12-10 21:00:00,66,66,69,0.0,0.0,0.0,0.0,0.0,0.0
Chennai,13.0827,80.2707,2000-12-08,2000-12-11 03:00:00,72,72,75,0.0,0.0,0.0,0.0,0.0,0.0
Chennai,13.0827,80.2707,2000-12-08,2000-12-11 09:00:00,78,78,81,0.0,0.0,0.0,0.0,0.0,0.0
Chennai,13.0827,80.2707,2000-12-08,2000-12-11 15:00:00,84,84,87,0.0,0.0,0.0,0.0,0.0,0.0
Chennai,13.0827,80.2707,2000-12-08,2000-12-11 21:00:00,90,90,93,0.0,0.0,0.0,0.0,0.0,0.0
Chennai,13.0827,80.2707,2000-12-08,2000-12-12 03:00:00,96,96,99,0.0,0.0,0.0,0.0,0.0,0.0
Chennai,13.0827,80.2707,2000-12-08,2000-12-12 09:00:00,102,102,105,0.0,0.0,0.0,0.0,0.0,0.0
Chennai,13.0827,80.2707,2000-12-08,2000-12-12 15:00:00,108,108,111,0.0,0.0,0.0,0.0,0.0,0.0
Chennai,13.0827,80.2707,2000-12-08,2000-12-12 21:00:00,114,114,117,0.0,0.0,0.0,0.0,0.0,0.0
Chennai,13.0827,80.2707,2000-12-08,2000-12-13 03:00:00,120,120,123,0.0,0.0,0.0,0.0,0.0,0.0
Chennai,13.0827,80.2707,2000-12-08,2000-12-13 09:00:00,126,126,129,0.0,0.0,0.0,0.0,0.0,0.0
Chennai,13.0827,80.2707,2000-12-08,2000-12-13 15:00:00,132,132,135,0.0,0.0,0.0,0.0,0.0,0.0
Chennai,13.0827,80.2707,2000-12-08,2000-12-13 21:00:00,138,138,141,0.0,0.0,0.0,0.0,0.0,0.0
Chennai,13.0827,80.2707,2000-12-08,2000-12-14 03:00:00,144,144,147,0.0,0.0,0.0,0.0,0.0,0.0
Chennai,13.0827,80.2707,2000-12-08,2000-12-14 09:00:00,150,150,153,0.0,0.0,0.0,0.0,0.0,0.0
Chennai,13.0827,80.2707,2000-12-08,2000-12-14 15:00:00,156,156,159,0.0,0.0,0.0,0.0,0.0,0.0
Chennai,13.0827,80.2707,2000-12-08,2000-12-14 21:00:00,162,162,165,0.0,0.0,0.0,0.0,0.0,0.0
Chennai,13.0827,80.2707,2000-12-08,2000-12-15 03:00:00,168,168,171,0.0,0.0,0.0,0.0,0.0,0.0
Chennai,13.0827,80.2707,2000-12-08,2000-12-15 09:00:00,174,174,177,0.0,0.0,0.0,0.0,0.0,0.0
Chennai,13.0827,80.2707,2000-12-08,2000-12-15 15:00:00,180,180,183,0.0,0.0,0.0,0.0,0.0,0.0
Chennai,13.0827,80.2707,2000-12-08,2000-12-15 21:00:00,186,186,189,0.0,0.0,0.0,0.0,0.0,0.0
Chennai,13.0827,80.2707,2000-12-08,2000-12-16 03:00:00,192,192,195,0.0,0.0,0.0,0.0,0.0,0.0
Chennai,13.0827,80.2707,2000-12-08,2000-12-16 09:00:00,198,198,201,0.0,0.0,0.0,0.0,0.0,0.0
Chennai,13.0827,80.2707,2000-12-08,2000-12-16 15:00:00,204,204,207,0.0,0.0,0.0,0.0,0.0,0.0
Chennai,13.0827,80.2707,2000-12-08,2000-12-16 21:00:00,210,210,213,0.0,0.002,0.0,0.0,0.01,0.01
Chennai,13.0827,80.2707,2000-12-08,2000-12-17 03:00:00,216,216,219,0.0,0.0,0.0,0.0,0.0,0.0
Chennai,13.0827,80.2707,2000-12-08,2000-12-17 09:00:00,222,222,225,0.0,0.002,0.0,0.0,0.01,0.01
Chennai,13.0827,80.2707,2000-12-08,2000-12-17 15:00:00,228,228,231,0.0,0.0,0.0,0.0,0.0,0.0
Chennai,13.0827,80.2707,2000-12-08,2000-12-17 21:00:00,234,234,237,0.0,0.0,0.0,0.0,0.0,0.0
