issue_time,target_time,lead_hours,lat,lon,control_forecast,ensemble_mean,ensemble_median,ensemble_min,ensemble_max,ensemble_spread,relative_spread,control_divergence,spatial_uncertainty_raw,spatial_uncertainty_index
2026-09-15T12:00:00,2026-09-15T15:00:00,3,12.75,79.75,0.0,0.0,0.0,0.0,0.0,0.0,0.0,0.0,0.0,0.0
2026-09-15T12:00:00,2026-09-15T15:00:00,3,12.75,80.0,0.0,0.0,0.0,0.0,0.0,0.0,0.0,0.0,0.0,0.0
2026-09-15T12:00:00,2026-09-15T15:00:00,3,12.75,80.25,0.0,0.0,0.0,0.0,0.0,0.0,0.0,0.0,0.0,0.0
2026-09-15T12:00:00,2026-09-15T15:00:00,3,12.75,80.5,0.0,0.0,0.0,0.0,0.0,0.0,0.0,0.0,0.0,0.0
2026-09-15T12:00:00,2026-09-15T15:00:00,3,12.75,80.75,0.0,0.0,0.0,0.0,0.0,0.0,0.0,0.0,0.0,0.0
2026-09-15T12:00:00,2026-09-15T15:00:00,3,13.0,79.75,0.0,0.018,0.0,0.0,0.09,0.09,0.7627118644067796,0.15254237288135591,0.5796610169491524,75.0
2026-09-15T12:00:00,2026-09-15T15:00:00,3,13.0,80.0,0.0,0.0,0.0,0.0,0.0,0.0,0.0,0.0,0.0,0.0
2026-09-15T12:00:00,2026-09-15T15:00:00,3,13.0,80.25,0.0,0.0,0.0,0.0,0.0,0.0,0.0,0.0,0.0,0.0
2026-09-15T12:00:00,2026-09-15T15:00:00,3,13.0,80.5,0.0,0.0,0.0,0.0,0.0,0.0,0.0,0.0,0.0,0.0
2026-09-15T12:00:00,2026-09-15T15:00:00,3,13.0,80.75,0.0,0.0,0.0,0.0,0.0,0.0,0.0,0.0,0.0,0.0
2026-09-15T12:00:00,2026-09-15T15:00:00,3,13.25,79.75,0.0,0.142,0.1,0.0,0.45,0.45,1.859504132231405,0.5867768595041322,1.4776859504132231,100.0
2026-09-15T12:00:00,2026-09-15T15:00:00,3,13.25,80.0,0.0,0.022,0.0,0.0,0.1,0.1,0.819672131147541,0.18032786885245902,0.6278688524590164,83.33333333333333
2026-09-15T12:00:00,2026-09-15T15:00:00,3,13.25,80.25,0.0,0.0,0.0,0.0,0.0,0.0,0.0,0.0,0.0,0.0
2026-09-15T12:00:00,2026-09-15T15:00:00,3,13.25,80.5,0.0,0.0,0.0,0.0,0.0,0.0,0.0,0.0,0.0,0.0
2026-09-15T12:00:00,2026-09-15T15:00:00,3,13.25,80.75,0.0,0.0,0.0,0.0,0.0,0.0,0.0,0.0,0.0,0.0
2026-09-15T12:00:00,2026-09-15T15:00:00,3,13.5,79.75,0.02,0.26,0.28,0.02,0.5,0.48,1.3333333333333333,0.6666666666666667,1.1333333333333333,95.83333333333333
2026-09-15T12:00:00,2026-09-15T15:00:00,3,13.5,80.0,0.0,0.024,0.01,0.0,0.1,0.1,0.8064516129032259,0.1935483870967742,0.6225806451612904,79.16666666666667
2026-09-15T12:00:00,2026-09-15T15:00:00,3,13.5,80.25,0.0,0.0,0.0,0.0,0.0,0.0,0.0,0.0,0.0,0.0
2026-09-15T12:00:00,2026-09-15T15:00:00,3,13.5,80.5,0.0,0.0,0.0,0.0,0.0,0.0,0.0,0.0,0.0,0.0
2026-09-15T12:00:00,2026-09-15T15:00:00,3,13.5,80.75,0.0,0.0,0.0,0.0,0.0,0.0,0.0,0.0,0.0,0.0
2026-09-15T12:00:00,2026-09-15T15:00:00,3,13.75,79.75,0.02,0.16999999999999998,0.2,0.02,0.32,0.3,1.111111111111111,0.5555555555555555,0.9444444444444442,91.66666666666667
2026-09-15T12:00:00,2026-09-15T15:00:00,3,13.75,80.0,0.0,0.022,0.0,0.0,0.1,0.1,0.819672131147541,0.18032786885245902,0.6278688524590164,83.33333333333333
2026-09-15T12:00:00,2026-09-15T15:00:00,3,13.75,80.25,0.0,0.0,0.0,0.0,0.0,0.0,0.0,0.0,0.0,0.0
2026-09-15T12:00:00,2026-09-15T15:00:00,3,13.75,80.5,0.0,0.0,0.0,0.0,0.0,0.0,0.0,0.0,0.0,0.0
2026-09-15T12:00:00,2026-09-15T15:00:00,3,13.75,80.75,0.0,0.0,0.0,0.0,0.0,0.0,0.0,0.0,0.0,0.0
2026-09-15T12:00:00,2026-09-15T18:00:00,6,12.75,79.75,0.0,0.08,0.0,0.0,0.30000000000000004,0.30000000000000004,1.666666666666667,0.4444444444444445,1.3,91.66666666666667
2026-09-15T12:00:00,2026-09-15T18:00:00,6,12.75,80.0,0.0,0.0,0.0,0.0,0.0,0.0,0.0,0.0,0.0,0.0
2026-09-15T12:00:00,2026-09-15T18:00:00,6,12.75,80.25,0.0,0.0,0.0,0.0,0.0,0.0,0.0,0.0,0.0,0.0
2026-09-15T12:00:00,2026-09-15T18:00:00,6,12.75,80.5,0.0,0.0,0.0,0.0,0.0,0.0,0.0,0.0,0.0,0.0
2026-09-15T12:00:00,2026-09-15T18:00:00,6,12.75,80.75,0.0,0.0,0.0,0.0,0.0,0.0,0.0,0.0,0.0,0.0
2026-09-15T12:00:00,2026-09-15T18:00:00,6,13.0,79.75,0.0,0.12,0.0,0.0,0.5,0.5,2.272727272727273,0.5454545454545454,1.7545454545454546,95.83333333333333
2026-09-15T12:00:00,2026-09-15T18:00:00,6,13.0,80.0,0.0,0.0,0.0,0.0,0.0,0.0,0.0,0.0,0.0,0.0
2026-09-15T12:00:00,2026-09-15T18:00:00,6,13.0,80.25,0.0,0.0,0.0,0.0,0.0,0.0,0.0,0.0,0.0,0.0
2026-09-15T12:00:00,2026-09-15T18:00:00,6,13.0,80.5,0.0,0.0,0.0,0.0,0.0,0.0,0.0,0.0,0.0,0.0
2026-09-15T12:00:00,2026-09-15T18:00:00,6,13.0,80.75,0.0,0.0,0.0,0.0,0.0,0.0,0.0,0.0,0.0,0.0
2026-09-15T12:00:00,2026-09-15T18:00:00,6,13.25,79.75,0.0,0.26000000000000006,0.1,0.0,0.9,0.9,2.4999999999999996,0.7222222222222222,1.9666666666666661,100.0
2026-09-15T12:00:00,2026-09-15T18:00:00,6,13.25,80.0,0.0,0.02,0.0,0.0,0.1,0.1,0.8333333333333333,0.16666666666666666,0.6333333333333333,70.83333333333333
2026-09-15T12:00:00,2026-09-15T18:00:00,6,13.25,80.25,0.0,0.0,0.0,0.0,0.0,0.0,0.0,0.0,0.0,0.0
2026-09-15T12:00:00,2026-09-15T18:00:00,6,13.25,80.5,0.0,0.0,0.0,0.0,0.0,0.0,0.0,0.0,0.0,0.0
2026-09-15T12:00:00,2026-09-15T18:00:00,6,13.25,80.75,0.0,0.0,0.0,0.0,0.0,0.0,0.0,0.0,0.0,0.0
2026-09-15T12:00:00,2026-09-15T18:00:00,6,13.5,79.75,0.0,0.32000000000000006,0.30000000000000004,0.0,0.6000000000000001,0.6000000000000001,1.4285714285714286,0.761904761904762,1.2285714285714286,87.5
2026-09-15T12:00:00,2026-09-15T18:00:00,6,13.5,80.0,0.0,0.02,0.0,0.0,0.1,0.1,0.8333333333333333,0.16666666666666666,0.6333333333333333,70.83333333333333
2026-09-15T12:00:00,2026-09-15T18:00:00,6,13.5,80.25,0.0,0.0,0.0,0.0,0.0,0.0,0.0,0.0,0.0,0.0
2026-09-15T12:00:00,2026-09-15T18:00:00,6,13.5,80.5,0.0,0.0,0.0,0.0,0.0,0.0,0.0,0.0,0.0,0.0
2026-09-15T12:00:00,2026-09-15T18:00:00,6,13.5,80.75,0.0,0.0,0.0,0.0,0.0,0.0,0.0,0.0,0.0,0.0
2026-09-15T12:00:00,2026-09-15T18:00:00,6,13.75,79.75,0.0,0.26,0.30000000000000004,0.0,0.5,0.5,1.3888888888888888,0.7222222222222223,1.1888888888888889,83.33333333333333
2026-09-15T12:00:00,2026-09-15T18:00:00,6,13.75,80.0,0.0,0.02,0.0,0.0,0.1,0.1,0.8333333333333333,0.16666666666666666,0.6333333333333333,70.83333333333333
2026-09-15T12:00:00,2026-09-15T18:00:00,6,13.75,80.25,0.0,0.0,0.0,0.0,0.0,0.0,0.0,0.0,0.0,0.0
2026-09-15T12:00:00,2026-09-15T18:00:00,6,13.75,80.5,0.0,0.0,0.0,0.0,0.0,0.0,0.0,0.0,0.0,0.0
2026-09-15T12:00:00,2026-09-15T18:00:00,6,13.75,80.75,0.0,0.0,0.0,0.0,0.0,0.0,0.0,0.0,0.0,0.0
2026-09-15T12:00:00,2026-09-15T21:00:00,9,12.75,79.75,1.4000000000000001,0.9620000000000001,1.1,0.12,1.5,1.38,1.2994350282485874,0.4124293785310735,1.0333333333333332,12.5
2026-09-15T12:00:00,2026-09-15T21:00:00,9,12.75,80.0,1.8,0.9800000000000001,1.1,0.05,1.8,1.75,1.6203703703703702,0.7592592592592592,1.362037037037037,20.833333333333332
2026-09-15T12:00:00,2026-09-15T21:00:00,9,12.75,80.25,1.8,1.026,1.1,0.06,1.97,1.91,1.6962699822380105,0.6873889875666074,1.3936056838365896,25.0
2026-09-15T12:00:00,2026-09-15T21:00:00,9,12.75,80.5,1.1,0.8560000000000001,0.6000000000000001,0.0,2.2800000000000002,2.2800000000000002,2.3849372384937237,0.25523012552301255,1.7460251046025101,29.166666666666668
2026-09-15T12:00:00,2026-09-15T21:00:00,9,12.75,80.75,0.1,0.20400000000000001,0.0,0.0,0.92,0.92,3.026315789473684,0.3421052631578947,2.221052631578947,58.333333333333336
2026-09-15T12:00:00,2026-09-15T21:00:00,9,13.0,79.75,0.2,1.092,0.26,0.0,3.9000000000000004,3.9000000000000004,3.2718120805369124,0.7483221476510067,2.5147651006711405,70.83333333333333
2026-09-15T12:00:00,2026-09-15T21:00:00,9,13.0,80.0,0.2,0.836,0.88,0.0,2.1,2.1,2.2435897435897436,0.6794871794871794,1.7743589743589743,37.5
2026-09-15T12:00:00,2026-09-15T21:00:00,9,13.0,80.25,0.2,0.656,0.30000000000000004,0.0,2.08,2.08,2.7513227513227516,0.6031746031746031,2.106878306878307,50.0
2026-09-15T12:00:00,2026-09-15T21:00:00,9,13.0,80.5,0.2,0.556,0.2,0.0,2.18,2.18,3.323170731707317,0.5426829268292683,2.489024390243902,66.66666666666667
2026-09-15T12:00:00,2026-09-15T21:00:00,9,13.0,80.75,0.0,0.132,0.0,0.0,0.66,0.66,2.8448275862068964,0.5689655172413793,2.1620689655172414,54.166666666666664
2026-09-15T12:00:00,2026-09-15T21:00:00,9,13.25,79.75,0.0,1.254,0.07,0.0,6.0,6.0,4.431314623338257,0.9261447562776957,3.3797636632200883,100.0
2026-09-15T12:00:00,2026-09-15T21:00:00,9,13.25,80.0,0.0,1.104,0.2,0.0,4.9,4.9,4.069767441860465,0.9169435215946843,3.123920265780731,87.5
2026-09-15T12:00:00,2026-09-15T21:00:00,9,13.25,80.25,0.0,0.716,0.1,0.0,2.0,2.0,2.450980392156863,0.8774509803921569,1.978921568627451,41.666666666666664
2026-09-15T12:00:00,2026-09-15T21:00:00,9,13.25,80.5,0.0,0.31,0.0,0.0,1.45,1.45,3.536585365853658,0.7560975609756097,2.702439024390243,83.33333333333333
2026-09-15T12:00:00,2026-09-15T21:00:00,9,13.25,80.75,0.0,0.04,0.0,0.0,0.2,0.2,1.4285714285714286,0.2857142857142857,1.0857142857142856,16.666666666666668
2026-09-15T12:00:00,2026-09-15T21:00:00,9,13.5,79.75,0.0,0.85,0.01,0.0,4.2,4.2,4.421052631578948,0.8947368421052632,3.3631578947368426,95.83333333333333
2026-09-15T12:00:00,2026-09-15T21:00:00,9,13.5,80.0,0.0,0.8400000000000001,0.0,0.0,4.1000000000000005,4.1000000000000005,4.361702127659575,0.8936170212765958,3.321276595744681,91.66666666666667
2026-09-15T12:00:00,2026-09-15T21:00:00,9,13.5,80.25,0.0,0.466,0.0,0.0,1.8,1.8,3.1802120141342756,0.823321554770318,2.473144876325088,62.5
2026-09-15T12:00:00,2026-09-15T21:00:00,9,13.5,80.5,0.0,0.11599999999999999,0.0,0.0,0.58,0.58,2.685185185185185,0.537037037037037,2.0407407407407407,45.833333333333336
2026-09-15T12:00:00,2026-09-15T21:00:00,9,13.5,80.75,0.0,0.01,0.0,0.0,0.05,0.05,0.4545454545454546,0.09090909090909091,0.34545454545454546,4.166666666666667
2026-09-15T12:00:00,2026-09-15T21:00:00,9,13.75,79.75,0.1,0.4,0.1,0.0,1.7000000000000002,1.7000000000000002,3.4000000000000004,0.6000000000000001,2.56,75.0
2026-09-15T12:00:00,2026-09-15T21:00:00,9,13.75,80.0,0.0,0.22400000000000003,0.01,0.0,1.1,1.1,3.3950617283950613,0.691358024691358,2.58395061728395,79.16666666666667
2026-09-15T12:00:00,2026-09-15T21:00:00,9,13.75,80.25,0.0,0.118,0.0,0.0,0.5,0.5,2.293577981651376,0.5412844036697247,1.7678899082568806,33.333333333333336
2026-09-15T12:00:00,2026-09-15T21:00:00,9,13.75,80.5,0.0,0.022,0.0,0.0,0.11,0.11,0.9016393442622951,0.18032786885245902,0.6852459016393442,8.333333333333334
2026-09-15T12:00:00,2026-09-15T21:00:00,9,13.75,80.75,0.0,0.002,0.0,0.0,0.01,0.01,0.09803921568627451,0.0196078431372549,0.07450980392156861,0.0
2026-09-15T12:00:00,2026-09-16T00:00:00,12,12.75,79.75,2.4000000000000004,2.3600000000000003,1.8,0.2,6.300000000000001,6.1000000000000005,2.4796747967479673,0.01626016260162603,1.7406504065040649,50.0
2026-09-15T12:00:00,2026-09-16T00:00:00,12,12.75,80.0,2.3000000000000003,2.0800000000000005,2.2,0.2,3.6,3.4,1.5596330275229353,0.1009174311926604,1.1220183486238529,8.333333333333334
2026-09-15T12:00:00,2026-09-16T00:00:00,12,12.75,80.25,2.1,1.8800000000000001,2.1,0.2,3.0,2.8,1.414141414141414,0.11111111111111109,1.023232323232323,0.0
2026-09-15T12:00:00,2026-09-16T00:00:00,12,12.75,80.5,1.6,1.8800000000000001,1.8,0.30000000000000004,3.6,3.3,1.6666666666666663,0.1414141414141414,1.2090909090909088,16.666666666666668
2026-09-15T12:00:00,2026-09-16T00:00:00,12,12.75,80.75,0.6000000000000001,1.5,2.0,0.30000000000000004,2.6,2.3,1.4374999999999998,0.5624999999999999,1.1749999999999998,12.5
2026-09-15T12:00:00,2026-09-16T00:00:00,12,13.0,79.75,0.8,2.3,0.8,0.0,8.6,8.6,3.5833333333333335,0.6249999999999999,2.6958333333333333,83.33333333333333
2026-09-15T12:00:00,2026-09-16T00:00:00,12,13.0,80.0,0.5,1.7600000000000002,1.5,0.0,4.6000000000000005,4.6000000000000005,2.4731182795698925,0.6774193548387096,1.9344086021505376,62.5
2026-09-15T12:00:00,2026-09-16T00:00:00,12,13.0,80.25,0.30000000000000004,1.4600000000000002,1.8,0.0,2.8000000000000003,2.8000000000000003,1.7948717948717947,0.7435897435897435,1.4794871794871791,37.5
2026-09-15T12:00:00,2026-09-16T00:00:00,12,13.0,80.5,0.30000000000000004,1.34,1.6,0.0,2.8000000000000003,2.8000000000000003,1.9444444444444444,0.7222222222222222,1.5777777777777775,41.666666666666664
2026-09-15T12:00:00,2026-09-16T00:00:00,12,13.0,80.75,0.1,1.08,1.6,0.0,1.9000000000000001,1.9000000000000001,1.6101694915254237,0.8305084745762712,1.3762711864406778,20.833333333333332
2026-09-15T12:00:00,2026-09-16T00:00:00,12,13.25,79.75,0.1,1.9,0.1,0.0,9.0,9.0,4.5,0.8999999999999999,3.42,95.83333333333333
2026-09-15T12:00:00,2026-09-16T00:00:00,12,13.25,80.0,0.0,1.44,0.5,0.0,6.2,6.2,4.025974025974026,0.935064935064935,3.098701298701299,87.5
2026-09-15T12:00:00,2026-09-16T00:00:00,12,13.25,80.25,0.0,1.02,0.7000000000000001,0.0,2.8000000000000003,2.8000000000000003,2.5,0.9107142857142857,2.023214285714286,66.66666666666667
2026-09-15T12:00:00,2026-09-16T00:00:00,12,13.25,80.5,0.0,0.9200000000000002,1.4000000000000001,0.0,1.7000000000000002,1.7000000000000002,1.6666666666666665,0.9019607843137254,1.437254901960784,29.166666666666668
2026-09-15T12:00:00,2026-09-16T00:00:00,12,13.25,80.75,0.0,0.74,0.4,0.0,1.8,1.8,2.142857142857143,0.8809523809523809,1.764285714285714,54.166666666666664
2026-09-15T12:00:00,2026-09-16T00:00:00,12,13.5,79.75,0.0,0.9800000000000001,0.0,0.0,4.9,4.9,4.537037037037037,0.9074074074074074,3.448148148148148,100.0
2026-09-15T12:00:00,2026-09-16T00:00:00,12,13.5,80.0,0.0,0.9400000000000001,0.1,0.0,4.4,4.4,4.230769230769231,0.9038461538461539,3.2326923076923073,91.66666666666667
2026-09-15T12:00:00,2026-09-16T00:00:00,12,13.5,80.25,0.0,0.62,0.5,0.0,2.0,2.0,2.7777777777777777,0.8611111111111112,2.2027777777777775,70.83333333333333
2026-09-15T12:00:00,2026-09-16T00:00:00,12,13.5,80.5,0.1,0.6000000000000001,0.6000000000000001,0.1,1.3,1.2,1.714285714285714,0.7142857142857144,1.4142857142857141,25.0
2026-09-15T12:00:00,2026-09-16T00:00:00,12,13.5,80.75,0.1,0.6400000000000001,0.1,0.1,1.7000000000000002,1.6,2.162162162162162,0.7297297297297298,1.732432432432432,45.833333333333336
2026-09-15T12:00:00,2026-09-16T00:00:00,12,13.75,79.75,0.1,0.4800000000000001,0.2,0.0,1.9000000000000001,1.9000000000000001,3.275862068965517,0.6551724137931035,2.4896551724137925,79.16666666666667
2026-09-15T12:00:00,2026-09-16T00:00:00,12,13.75,80.0,0.0,0.38,0.0,0.0,1.1,1.1,2.291666666666667,0.7916666666666667,1.8416666666666668,58.333333333333336
2026-09-15T12:00:00,2026-09-16T00:00:00,12,13.75,80.25,0.0,0.5800000000000001,0.4,0.0,1.9000000000000001,1.9000000000000001,2.7941176470588234,0.8529411764705883,2.2117647058823526,75.0
2026-09-15T12:00:00,2026-09-16T00:00:00,12,13.75,80.5,0.5,0.9,0.8,0.2,2.1,1.9000000000000001,1.9000000000000001,0.4,1.4500000000000002,33.333333333333336
2026-09-15T12:00:00,2026-09-16T00:00:00,12,13.75,80.75,0.6000000000000001,0.9000000000000001,0.6000000000000001,0.2,1.6,1.4000000000000001,1.4,0.3,1.0699999999999998,4.166666666666667
2026-09-15T12:00:00,2026-09-16T03:00:00,15,12.75,79.75,0.0,0.006,0.0,0.0,0.03,0.03,0.28301886792452824,0.056603773584905655,0.21509433962264146,16.666666666666668
2026-09-15T12:00:00,2026-09-16T03:00:00,15,12.75,80.0,0.0,0.0,0.0,0.0,0.0,0.0,0.0,0.0,0.0,0.0
2026-09-15T12:00:00,2026-09-16T03:00:00,15,12.75,80.25,0.0,0.012,0.0,0.0,0.06,0.06,0.5357142857142857,0.10714285714285714,0.4071428571428571,29.166666666666668
2026-09-15T12:00:00,2026-09-16T03:00:00,15,12.75,80.5,0.0,0.024,0.0,0.0,0.11,0.11,0.8870967741935484,0.1935483870967742,0.6790322580645162,37.5
2026-09-15T12:00:00,2026-09-16T03:00:00,15,12.75,80.75,0.0,0.082,0.0,0.0,0.39,0.39,2.142857142857143,0.45054945054945056,1.635164835164835,58.333333333333336
2026-09-15T12:00:00,2026-09-16T03:00:00,15,13.0,79.75,0.0,0.002,0.0,0.0,0.01,0.01,0.09803921568627451,0.0196078431372549,0.07450980392156861,4.166666666666667
2026-09-15T12:00:00,2026-09-16T03:00:00,15,13.0,80.0,0.0,0.002,0.0,0.0,0.01,0.01,0.09803921568627451,0.0196078431372549,0.07450980392156861,4.166666666666667
2026-09-15T12:00:00,2026-09-16T03:00:00,15,13.0,80.25,0.0,0.016,0.0,0.0,0.08,0.08,0.689655172413793,0.13793103448275862,0.5241379310344827,33.333333333333336
2026-09-15T12:00:00,2026-09-16T03:00:00,15,13.0,80.5,0.0,0.05600000000000001,0.0,0.0,0.25,0.25,1.6025641025641022,0.358974358974359,1.2294871794871791,54.166666666666664
2026-09-15T12:00:00,2026-09-16T03:00:00,15,13.0,80.75,0.0,0.16199999999999998,0.08,0.0,0.37,0.37,1.4122137404580153,0.6183206106870228,1.1740458015267174,50.0
2026-09-15T12:00:00,2026-09-16T03:00:00,15,13.25,79.75,0.0,0.006,0.0,0.0,0.03,0.03,0.28301886792452824,0.056603773584905655,0.21509433962264146,16.666666666666668
2026-09-15T12:00:00,2026-09-16T03:00:00,15,13.25,80.0,0.0,0.012,0.0,0.0,0.05,0.05,0.44642857142857145,0.10714285714285714,0.34464285714285714,25.0
2026-09-15T12:00:00,2026-09-16T03:00:00,15,13.25,80.25,0.0,0.148,0.0,0.0,0.67,0.67,2.7016129032258065,0.5967741935483871,2.070161290322581,75.0
2026-09-15T12:00:00,2026-09-16T03:00:00,15,13.25,80.5,0.0,0.4079999999999999,0.01,0.0,1.95,1.95,3.838582677165355,0.8031496062992126,2.9279527559055123,95.83333333333333
2026-09-15T12:00:00,2026-09-16T03:00:00,15,13.25,80.75,0.0,0.578,0.07,0.0,2.65,2.65,3.908554572271387,0.8525073746312685,2.9917404129793512,100.0
2026-09-15T12:00:00,2026-09-16T03:00:00,15,13.5,79.75,0.0,0.01,0.01,0.0,0.02,0.02,0.18181818181818182,0.09090909090909091,0.15454545454545454,12.5
2026-09-15T12:00:00,2026-09-16T03:00:00,15,13.5,80.0,0.0,0.054000000000000006,0.0,0.0,0.17,0.17,1.1038961038961037,0.35064935064935066,0.8779220779220778,41.666666666666664
2026-09-15T12:00:00,2026-09-16T03:00:00,15,13.5,80.25,0.0,0.36,0.0,0.0,1.29,1.29,2.804347826086957,0.782608695652174,2.197826086956522,79.16666666666667
2026-09-15T12:00:00,2026-09-16T03:00:00,15,13.5,80.5,0.1,0.726,0.1,0.0,3.11,3.11,3.765133171912833,0.7578692493946732,2.8629539951573846,91.66666666666667
2026-09-15T12:00:00,2026-09-16T03:00:00,15,13.5,80.75,0.2,0.842,0.3,0.0,3.21,3.21,3.407643312101911,0.6815286624203821,2.5898089171974523,87.5
2026-09-15T12:00:00,2026-09-16T03:00:00,15,13.75,79.75,0.0,0.038000000000000006,0.01,0.0,0.17,0.17,1.2318840579710144,0.2753623188405797,0.944927536231884,45.833333333333336
2026-09-15T12:00:00,2026-09-16T03:00:00,15,13.75,80.0,0.0,0.156,0.0,0.0,0.68,0.68,2.65625,0.609375,2.0421875,70.83333333333333
2026-09-15T12:00:00,2026-09-16T03:00:00,15,13.75,80.25,0.0,0.45200000000000007,0.0,0.0,1.36,1.36,2.463768115942029,0.818840579710145,1.9702898550724637,62.5
2026-09-15T12:00:00,2026-09-16T03:00:00,15,13.75,80.5,0.4,0.736,0.29,0.0,2.9,2.9,3.4688995215311005,0.4019138755980861,2.548803827751196,83.33333333333333
2026-09-15T12:00:00,2026-09-16T03:00:00,15,13.75,80.75,0.8,0.8620000000000001,0.52,0.0,2.7,2.7,2.8066528066528065,0.0644490644490645,1.9839916839916838,66.66666666666667
2026-09-15T12:00:00,2026-09-16T06:00:00,18,12.75,79.75,0.0,0.0,0.0,0.0,0.0,0.0,0.0,0.0,0.0,0.0
2026-09-15T12:00:00,2026-09-16T06:00:00,18,12.75,80.0,0.0,0.0,0.0,0.0,0.0,0.0,0.0,0.0,0.0,0.0
2026-09-15T12:00:00,2026-09-16T06:00:00,18,12.75,80.25,0.1,0.04,0.0,0.0,0.1,0.1,0.7142857142857143,0.42857142857142855,0.6285714285714286,33.333333333333336
2026-09-15T12:00:00,2026-09-16T06:00:00,18,12.75,80.5,0.2,0.2,0.2,0.0,0.6000000000000001,0.6000000000000001,2.0,0.0,1.4,54.166666666666664
2026-09-15T12:00:00,2026-09-16T06:00:00,18,12.75,80.75,0.1,0.5740000000000001,0.17,0.0,1.5,1.5,2.2255192878338277,0.7032640949554897,1.7688427299703262,62.5
2026-09-15T12:00:00,2026-09-16T06:00:00,18,13.0,79.75,0.0,0.002,0.0,0.0,0.01,0.01,0.09803921568627451,0.0196078431372549,0.07450980392156861,8.333333333333334
2026-09-15T12:00:00,2026-09-16T06:00:00,18,13.0,80.0,0.0,0.002,0.0,0.0,0.01,0.01,0.09803921568627451,0.0196078431372549,0.07450980392156861,8.333333333333334
2026-09-15T12:00:00,2026-09-16T06:00:00,18,13.0,80.25,0.0,0.016,0.0,0.0,0.08,0.08,0.689655172413793,0.13793103448275862,0.5241379310344827,29.166666666666668
2026-09-15T12:00:00,2026-09-16T06:00:00,18,13.0,80.5,0.0,0.09,0.1,0.0,0.25,0.25,1.3157894736842106,0.47368421052631576,1.063157894736842,41.666666666666664
2026-09-15T12:00:00,2026-09-16T06:00:00,18,13.0,80.75,0.0,0.36400000000000005,0.52,0.0,0.7000000000000001,0.7000000000000001,1.5086206896551724,0.7844827586206896,1.2913793103448274,50.0
2026-09-15T12:00:00,2026-09-16T06:00:00,18,13.25,79.75,0.0,0.006,0.0,0.0,0.03,0.03,0.28301886792452824,0.056603773584905655,0.21509433962264146,20.833333333333332
2026-09-15T12:00:00,2026-09-16T06:00:00,18,13.25,80.0,0.0,0.01,0.0,0.0,0.05,0.05,0.4545454545454546,0.09090909090909091,0.34545454545454546,25.0
2026-09-15T12:00:00,2026-09-16T06:00:00,18,13.25,80.25,0.0,0.194,0.0,0.0,0.67,0.67,2.27891156462585,0.6598639455782312,1.7931972789115642,66.66666666666667
2026-09-15T12:00:00,2026-09-16T06:00:00,18,13.25,80.5,0.0,0.47000000000000003,0.0,0.0,1.95,1.95,3.421052631578947,0.8245614035087719,2.6421052631578945,91.66666666666667
2026-09-15T12:00:00,2026-09-16T06:00:00,18,13.25,80.75,0.0,0.634,0.2,0.0,2.67,2.67,3.637602179836512,0.8637602179836512,2.805449591280654,100.0
2026-09-15T12:00:00,2026-09-16T06:00:00,18,13.5,79.75,0.0,0.004,0.0,0.0,0.02,0.02,0.1923076923076923,0.03846153846153846,0.1461538461538461,16.666666666666668
2026-09-15T12:00:00,2026-09-16T06:00:00,18,13.5,80.0,0.0,0.06000000000000001,0.0,0.0,0.2,0.2,1.2499999999999998,0.375,0.9874999999999998,37.5
2026-09-15T12:00:00,2026-09-16T06:00:00,18,13.5,80.25,0.0,0.398,0.0,0.0,1.29,1.29,2.5903614457831328,0.7991967871485944,2.0530120481927714,75.0
2026-09-15T12:00:00,2026-09-16T06:00:00,18,13.5,80.5,0.1,0.782,0.1,0.0,3.11,3.11,3.526077097505669,0.7732426303854876,2.7002267573696144,95.83333333333333
2026-09-15T12:00:00,2026-09-16T06:00:00,18,13.5,80.75,0.2,0.922,0.30000000000000004,0.0,3.21,3.21,3.1409001956947162,0.7064579256360078,2.4105675146771035,83.33333333333333
2026-09-15T12:00:00,2026-09-16T06:00:00,18,13.75,79.75,0.0,0.042,0.0,0.0,0.2,0.2,1.408450704225352,0.29577464788732394,1.0746478873239436,45.833333333333336
2026-09-15T12:00:00,2026-09-16T06:00:00,18,13.75,80.0,0.0,0.16,0.0,0.0,0.7000000000000001,0.7000000000000001,2.6923076923076925,0.6153846153846154,2.069230769230769,79.16666666666667
2026-09-15T12:00:00,2026-09-16T06:00:00,18,13.75,80.25,0.0,0.4720000000000001,0.0,0.0,1.36,1.36,2.3776223776223775,0.8251748251748252,1.9118881118881117,70.83333333333333
2026-09-15T12:00:00,2026-09-16T06:00:00,18,13.75,80.5,0.4,0.78,0.4,0.0,2.9,2.9,3.2954545454545454,0.4318181818181818,2.436363636363636,87.5
2026-09-15T12:00:00,2026-09-16T06:00:00,18,13.75,80.75,1.0,1.06,1.0,0.0,2.7,2.7,2.3275862068965516,0.051724137931034524,1.6448275862068964,58.333333333333336
2026-09-15T12:00:00,2026-09-16T09:00:00,21,12.75,79.75,0.0,0.0,0.0,0.0,0.0,0.0,0.0,0.0,0.0,0.0
2026-09-15T12:00:00,2026-09-16T09:00:00,21,12.75,80.0,0.0,0.0,0.0,0.0,0.0,0.0,0.0,0.0,0.0,0.0
2026-09-15T12:00:00,2026-09-16T09:00:00,21,12.75,80.25,0.0,0.0,0.0,0.0,0.0,0.0,0.0,0.0,0.0,0.0
2026-09-15T12:00:00,2026-09-16T09:00:00,21,12.75,80.5,0.0,0.0,0.0,0.0,0.0,0.0,0.0,0.0,0.0,0.0
2026-09-15T12:00:00,2026-09-16T09:00:00,21,12.75,80.75,0.0,0.02,0.0,0.0,0.1,0.1,0.8333333333333333,0.16666666666666666,0.6333333333333333,83.33333333333333
2026-09-15T12:00:00,2026-09-16T09:00:00,21,13.0,79.75,0.0,0.0,0.0,0.0,0.0,0.0,0.0,0.0,0.0,0.0
2026-09-15T12:00:00,2026-09-16T09:00:00,21,13.0,80.0,0.0,0.0,0.0,0.0,0.0,0.0,0.0,0.0,0.0,0.0
2026-09-15T12:00:00,2026-09-16T09:00:00,21,13.0,80.25,0.0,0.0,0.0,0.0,0.0,0.0,0.0,0.0,0.0,0.0
2026-09-15T12:00:00,2026-09-16T09:00:00,21,13.0,80.5,0.0,0.0,0.0,0.0,0.0,0.0,0.0,0.0,0.0,0.0
2026-09-15T12:00:00,2026-09-16T09:00:00,21,13.0,80.75,0.0,0.1,0.0,0.0,0.5,0.5,2.5,0.5,1.9,95.83333333333333
2026-09-15T12:00:00,2026-09-16T09:00:00,21,13.25,79.75,0.0,0.0,0.0,0.0,0.0,0.0,0.0,0.0,0.0,0.0
2026-09-15T12:00:00,2026-09-16T09:00:00,21,13.25,80.0,0.0,0.0,0.0,0.0,0.0,0.0,0.0,0.0,0.0,0.0
2026-09-15T12:00:00,2026-09-16T09:00:00,21,13.25,80.25,0.0,0.0,0.0,0.0,0.0,0.0,0.0,0.0,0.0,0.0
2026-09-15T12:00:00,2026-09-16T09:00:00,21,13.25,80.5,0.0,0.0,0.0,0.0,0.0,0.0,0.0,0.0,0.0,0.0
2026-09-15T12:00:00,2026-09-16T09:00:00,21,13.25,80.75,0.0,0.1,0.0,0.0,0.5,0.5,2.5,0.5,1.9,95.83333333333333
2026-09-15T12:00:00,2026-09-16T09:00:00,21,13.5,79.75,0.0,0.0,0.0,0.0,0.0,0.0,0.0,0.0,0.0,0.0
2026-09-15T12:00:00,2026-09-16T09:00:00,21,13.5,80.0,0.0,0.0,0.0,0.0,0.0,0.0,0.0,0.0,0.0,0.0
2026-09-15T12:00:00,2026-09-16T09:00:00,21,13.5,80.25,0.0,0.0,0.0,0.0,0.0,0.0,0.0,0.0,0.0,0.0
2026-09-15T12:00:00,2026-09-16T09:00:00,21,13.5,80.5,0.0,0.0,0.0,0.0,0.0,0.0,0.0,0.0,0.0,0.0
2026-09-15T12:00:00,2026-09-16T09:00:00,21,13.5,80.75,0.0,0.06000000000000001,0.0,0.0,0.30000000000000004,0.30000000000000004,1.875,0.375,1.425,91.66666666666667
2026-09-15T12:00:00,2026-09-16T09:00:00,21,13.75,79.75,0.0,0.0,0.0,0.0,0.0,0.0,0.0,0.0,0.0,0.0
2026-09-15T12:00:00,2026-09-16T09:00:00,21,13.75,80.0,0.0,0.0,0.0,0.0,0.0,0.0,0.0,0.0,0.0,0.0
2026-09-15T12:00:00,2026-09-16T09:00:00,21,13.75,80.25,0.0,0.0,0.0,0.0,0.0,0.0,0.0,0.0,0.0,0.0
2026-09-15T12:00:00,2026-09-16T09:00:00,21,13.75,80.5,0.0,0.0,0.0,0.0,0.0,0.0,0.0,0.0,0.0,0.0
2026-09-15T12:00:00,2026-09-16T09:00:00,21,13.75,80.75,0.0,0.02,0.0,0.0,0.1,0.1,0.8333333333333333,0.16666666666666666,0.6333333333333333,83.33333333333333
2026-09-15T12:00:00,2026-09-16T12:00:00,24,12.75,79.75,0.0,0.0,0.0,0.0,0.0,0.0,0.0,0.0,0.0,0.0
2026-09-15T12:00:00,2026-09-16T12:00:00,24,12.75,80.0,0.0,0.0,0.0,0.0,0.0,0.0,0.0,0.0,0.0,0.0
2026-09-15T12:00:00,2026-09-16T12:00:00,24,12.75,80.25,0.0,0.0,0.0,0.0,0.0,0.0,0.0,0.0,0.0,0.0
2026-09-15T12:00:00,2026-09-16T12:00:00,24,12.75,80.5,0.0,0.0,0.0,0.0,0.0,0.0,0.0,0.0,0.0,0.0
2026-09-15T12:00:00,2026-09-16T12:00:00,24,12.75,80.75,0.0,0.02,0.0,0.0,0.1,0.1,0.8333333333333333,0.16666666666666666,0.6333333333333333,70.83333333333333
2026-09-15T12:00:00,2026-09-16T12:00:00,24,13.0,79.75,0.0,0.0,0.0,0.0,0.0,0.0,0.0,0.0,0.0,0.0
2026-09-15T12:00:00,2026-09-16T12:00:00,24,13.0,80.0,0.0,0.0,0.0,0.0,0.0,0.0,0.0,0.0,0.0,0.0
2026-09-15T12:00:00,2026-09-16T12:00:00,24,13.0,80.25,0.0,0.0,0.0,0.0,0.0,0.0,0.0,0.0,0.0,0.0
2026-09-15T12:00:00,2026-09-16T12:00:00,24,13.0,80.5,0.0,0.0,0.0,0.0,0.0,0.0,0.0,0.0,0.0,0.0
2026-09-15T12:00:00,2026-09-16T12:00:00,24,13.0,80.75,0.0,0.12,0.0,0.0,0.5,0.5,2.272727272727273,0.5454545454545454,1.7545454545454546,100.0
2026-09-15T12:00:00,2026-09-16T12:00:00,24,13.25,79.75,0.0,0.0,0.0,0.0,0.0,0.0,0.0,0.0,0.0,0.0
2026-09-15T12:00:00,2026-09-16T12:00:00,24,13.25,80.0,0.0,0.0,0.0,0.0,0.0,0.0,0.0,0.0,0.0,0.0
2026-09-15T12:00:00,2026-09-16T12:00:00,24,13.25,80.25,0.0,0.0,0.0,0.0,0.0,0.0,0.0,0.0,0.0,0.0
2026-09-15T12:00:00,2026-09-16T12:00:00,24,13.25,80.5,0.0,0.02,0.0,0.0,0.1,0.1,0.8333333333333333,0.16666666666666666,0.6333333333333333,70.83333333333333
2026-09-15T12:00:00,2026-09-16T12:00:00,24,13.25,80.75,0.0,0.13999999999999999,0.0,0.0,0.5,0.5,2.0833333333333335,0.5833333333333333,1.6333333333333333,95.83333333333333
2026-09-15T12:00:00,2026-09-16T12:00:00,24,13.5,79.75,0.0,0.0,0.0,0.0,0.0,0.0,0.0,0.0,0.0,0.0
2026-09-15T12:00:00,2026-09-16T12:00:00,24,13.5,80.0,0.0,0.0,0.0,0.0,0.0,0.0,0.0,0.0,0.0,0.0
2026-09-15T12:00:00,2026-09-16T12:00:00,24,13.5,80.25,0.0,0.0,0.0,0.0,0.0,0.0,0.0,0.0,0.0,0.0
2026-09-15T12:00:00,2026-09-16T12:00:00,24,13.5,80.5,0.0,0.04,0.0,0.0,0.2,0.2,1.4285714285714286,0.2857142857142857,1.0857142857142856,87.5
2026-09-15T12:00:00,2026-09-16T12:00:00,24,13.5,80.75,0.0,0.12000000000000002,0.0,0.0,0.30000000000000004,0.30000000000000004,1.3636363636363638,0.5454545454545455,1.1181818181818182,91.66666666666667
2026-09-15T12:00:00,2026-09-16T12:00:00,24,13.75,79.75,0.0,0.0,0.0,0.0,0.0,0.0,0.0,0.0,0.0,0.0
2026-09-15T12:00:00,2026-09-16T12:00:00,24,13.75,80.0,0.0,0.0,0.0,0.0,0.0,0.0,0.0,0.0,0.0,0.0
2026-09-15T12:00:00,2026-09-16T12:00:00,24,13.75,80.25,0.0,0.0,0.0,0.0,0.0,0.0,0.0,0.0,0.0,0.0
2026-09-15T12:00:00,2026-09-16T12:00:00,24,13.75,80.5,0.0,0.02,0.0,0.0,0.1,0.1,0.8333333333333333,0.16666666666666666,0.6333333333333333,70.83333333333333
2026-09-15T12:00:00,2026-09-16T12:00:00,24,13.75,80.75,0.0,0.06000000000000001,0.0,0.0,0.2,0.2,1.2499999999999998,0.375,0.9874999999999998,83.33333333333333
2026-09-15T12:00:00,2026-09-16T15:00:00,27,12.75,79.75,0.0,0.0,0.0,0.0,0.0,0.0,0.0,0.0,0.0,0.0
2026-09-15T12:00:00,2026-09-16T15:00:00,27,12.75,80.0,0.0,0.0,0.0,0.0,0.0,0.0,0.0,0.0,0.0,0.0
2026-09-15T12:00:00,2026-09-16T15:00:00,27,12.75,80.25,0.0,0.08600000000000001,0.0,0.0,0.4,0.4,2.1505376344086025,0.4623655913978495,1.6440860215053765,87.5
2026-09-15T12:00:00,2026-09-16T15:00:00,27,12.75,80.5,0.0,0.25,0.0,0.0,0.8,0.8,2.285714285714286,0.7142857142857143,1.8142857142857143,95.83333333333333
2026-09-15T12:00:00,2026-09-16T15:00:00,27,12.75,80.75,0.0,0.26799999999999996,0.0,0.0,0.84,0.84,2.282608695652174,0.7282608695652173,1.8163043478260867,100.0
2026-09-15T12:00:00,2026-09-16T15:00:00,27,13.0,79.75,0.0,0.002,0.0,0.0,0.01,0.01,0.09803921568627451,0.0196078431372549,0.07450980392156861,20.833333333333332
2026-09-15T12:00:00,2026-09-16T15:00:00,27,13.0,80.0,0.0,0.0,0.0,0.0,0.0,0.0,0.0,0.0,0.0,0.0
2026-09-15T12:00:00,2026-09-16T15:00:00,27,13.0,80.25,0.0,0.06400000000000002,0.0,0.0,0.30000000000000004,0.30000000000000004,1.8292682926829267,0.3902439024390244,1.397560975609756,83.33333333333333
2026-09-15T12:00:00,2026-09-16T15:00:00,27,13.0,80.5,0.0,0.13,0.0,0.0,0.4,0.4,1.7391304347826086,0.5652173913043478,1.3869565217391302,79.16666666666667
2026-09-15T12:00:00,2026-09-16T15:00:00,27,13.0,80.75,0.0,0.142,0.0,0.0,0.51,0.51,2.107438016528926,0.5867768595041322,1.6512396694214877,91.66666666666667
2026-09-15T12:00:00,2026-09-16T15:00:00,27,13.25,79.75,0.0,0.0,0.0,0.0,0.0,0.0,0.0,0.0,0.0,0.0
2026-09-15T12:00:00,2026-09-16T15:00:00,27,13.25,80.0,0.0,0.002,0.0,0.0,0.01,0.01,0.09803921568627451,0.0196078431372549,0.07450980392156861,20.833333333333332
2026-09-15T12:00:00,2026-09-16T15:00:00,27,13.25,80.25,0.0,0.048,0.0,0.0,0.14,0.14,0.9459459459459459,0.3243243243243243,0.7594594594594595,58.333333333333336
2026-09-15T12:00:00,2026-09-16T15:00:00,27,13.25,80.5,0.0,0.08,0.0,0.0,0.3,0.3,1.6666666666666667,0.4444444444444445,1.3,70.83333333333333
2026-09-15T12:00:00,2026-09-16T15:00:00,27,13.25,80.75,0.0,0.054000000000000006,0.0,0.0,0.27,0.27,1.753246753246753,0.35064935064935066,1.3324675324675324,75.0
2026-09-15T12:00:00,2026-09-16T15:00:00,27,13.5,79.75,0.0,0.002,0.0,0.0,0.01,0.01,0.09803921568627451,0.0196078431372549,0.07450980392156861,20.833333333333332
2026-09-15T12:00:00,2026-09-16T15:00:00,27,13.5,80.0,0.0,0.0,0.0,0.0,0.0,0.0,0.0,0.0,0.0,0.0
2026-09-15T12:00:00,2026-09-16T15:00:00,27,13.5,80.25,0.0,0.008,0.0,0.0,0.04,0.04,0.37037037037037035,0.07407407407407407,0.28148148148148144,33.333333333333336
2026-09-15T12:00:00,2026-09-16T15:00:00,27,13.5,80.5,0.0,0.036,0.0,0.0,0.18,0.18,1.3235294117647058,0.2647058823529411,1.0058823529411764,62.5
2026-09-15T12:00:00,2026-09-16T15:00:00,27,13.5,80.75,0.0,0.036,0.0,0.0,0.18,0.18,1.3235294117647058,0.2647058823529411,1.0058823529411764,62.5
2026-09-15T12:00:00,2026-09-16T15:00:00,27,13.75,79.75,0.0,0.012,0.0,0.0,0.06,0.06,0.5357142857142857,0.10714285714285714,0.4071428571428571,45.833333333333336
2026-09-15T12:00:00,2026-09-16T15:00:00,27,13.75,80.0,0.0,0.02,0.0,0.0,0.1,0.1,0.8333333333333333,0.16666666666666666,0.6333333333333333,50.0
2026-09-15T12:00:00,2026-09-16T15:00:00,27,13.75,80.25,0.0,0.02,0.0,0.0,0.1,0.1,0.8333333333333333,0.16666666666666666,0.6333333333333333,50.0
2026-09-15T12:00:00,2026-09-16T15:00:00,27,13.75,80.5,0.0,0.008,0.0,0.0,0.04,0.04,0.37037037037037035,0.07407407407407407,0.28148148148148144,33.333333333333336
2026-09-15T12:00:00,2026-09-16T15:00:00,27,13.75,80.75,0.0,0.01,0.0,0.0,0.05,0.05,0.4545454545454546,0.09090909090909091,0.34545454545454546,41.666666666666664
2026-09-15T12:00:00,2026-09-16T18:00:00,30,12.75,79.75,0.0,0.0,0.0,0.0,0.0,0.0,0.0,0.0,0.0,0.0
2026-09-15T12:00:00,2026-09-16T18:00:00,30,12.75,80.0,0.0,0.04,0.0,0.0,0.1,0.1,0.7142857142857143,0.2857142857142857,0.5857142857142857,8.333333333333334
2026-09-15T12:00:00,2026-09-16T18:00:00,30,12.75,80.25,0.0,0.4,0.0,0.0,1.3,1.3,2.6,0.8,2.0599999999999996,95.83333333333333
2026-09-15T12:00:00,2026-09-16T18:00:00,30,12.75,80.5,0.0,0.78,0.5,0.0,2.2,2.2,2.5,0.8863636363636364,2.0159090909090907,91.66666666666667
2026-09-15T12:00:00,2026-09-16T18:00:00,30,12.75,80.75,0.0,0.6200000000000001,0.7000000000000001,0.0,1.4000000000000001,1.4000000000000001,1.9444444444444444,0.8611111111111112,1.6194444444444442,66.66666666666667
2026-09-15T12:00:00,2026-09-16T18:00:00,30,13.0,79.75,0.0,0.04,0.0,0.0,0.2,0.2,1.4285714285714286,0.2857142857142857,1.0857142857142856,37.5
2026-09-15T12:00:00,2026-09-16T18:00:00,30,13.0,80.0,0.0,0.02,0.0,0.0,0.1,0.1,0.8333333333333333,0.16666666666666666,0.6333333333333333,12.5
2026-09-15T12:00:00,2026-09-16T18:00:00,30,13.0,80.25,0.2,0.2,0.2,0.0,0.4,0.4,1.3333333333333333,0.0,0.9333333333333332,29.166666666666668
2026-09-15T12:00:00,2026-09-16T18:00:00,30,13.0,80.5,0.30000000000000004,0.36000000000000004,0.4,0.0,0.6000000000000001,0.6000000000000001,1.3043478260869565,0.13043478260869562,0.9521739130434782,33.333333333333336
2026-09-15T12:00:00,2026-09-16T18:00:00,30,13.0,80.75,0.0,0.24000000000000005,0.30000000000000004,0.0,0.5,0.5,1.4705882352941173,0.7058823529411764,1.2411764705882349,50.0
2026-09-15T12:00:00,2026-09-16T18:00:00,30,13.25,79.75,0.1,0.02,0.0,0.0,0.1,0.1,0.8333333333333333,0.6666666666666666,0.7833333333333332,25.0
2026-09-15T12:00:00,2026-09-16T18:00:00,30,13.25,80.0,0.0,0.02,0.0,0.0,0.1,0.1,0.8333333333333333,0.16666666666666666,0.6333333333333333,12.5
2026-09-15T12:00:00,2026-09-16T18:00:00,30,13.25,80.25,0.1,0.20000000000000004,0.1,0.0,0.7000000000000001,0.7000000000000001,2.333333333333333,0.33333333333333337,1.7333333333333332,70.83333333333333
2026-09-15T12:00:00,2026-09-16T18:00:00,30,13.25,80.5,0.1,0.4000000000000001,0.1,0.0,1.2000000000000002,1.2000000000000002,2.4,0.6,1.8599999999999999,83.33333333333333
2026-09-15T12:00:00,2026-09-16T18:00:00,30,13.25,80.75,0.0,0.33999999999999997,0.2,0.0,0.8,0.8,1.8181818181818186,0.7727272727272727,1.5045454545454549,62.5
2026-09-15T12:00:00,2026-09-16T18:00:00,30,13.5,79.75,0.30000000000000004,0.06000000000000001,0.0,0.0,0.30000000000000004,0.30000000000000004,1.875,1.5,1.7625,75.0
2026-09-15T12:00:00,2026-09-16T18:00:00,30,13.5,80.0,0.0,0.02,0.0,0.0,0.1,0.1,0.8333333333333333,0.16666666666666666,0.6333333333333333,12.5
2026-09-15T12:00:00,2026-09-16T18:00:00,30,13.5,80.25,0.0,0.18000000000000002,0.0,0.0,0.7000000000000001,0.7000000000000001,2.5,0.6428571428571429,1.9428571428571428,87.5
2026-09-15T12:00:00,2026-09-16T18:00:00,30,13.5,80.5,0.0,0.34,0.0,0.0,1.2000000000000002,1.2000000000000002,2.7272727272727275,0.7727272727272727,2.140909090909091,100.0
2026-09-15T12:00:00,2026-09-16T18:00:00,30,13.5,80.75,0.0,0.26000000000000006,0.1,0.0,0.8,0.8,2.222222222222222,0.7222222222222222,1.7722222222222217,79.16666666666667
2026-09-15T12:00:00,2026-09-16T18:00:00,30,13.75,79.75,0.1,0.06000000000000001,0.1,0.0,0.1,0.1,0.6249999999999999,0.24999999999999992,0.5124999999999998,4.166666666666667
2026-09-15T12:00:00,2026-09-16T18:00:00,30,13.75,80.0,0.0,0.04,0.0,0.0,0.2,0.2,1.4285714285714286,0.2857142857142857,1.0857142857142856,37.5
2026-09-15T12:00:00,2026-09-16T18:00:00,30,13.75,80.25,0.0,0.1,0.1,0.0,0.30000000000000004,0.30000000000000004,1.5000000000000002,0.5,1.2,45.833333333333336
2026-09-15T12:00:00,2026-09-16T18:00:00,30,13.75,80.5,0.0,0.12000000000000002,0.0,0.0,0.4,0.4,1.8181818181818181,0.5454545454545455,1.4363636363636363,58.333333333333336
2026-09-15T12:00:00,2026-09-16T18:00:00,30,13.75,80.75,0.0,0.08,0.0,0.0,0.30000000000000004,0.30000000000000004,1.666666666666667,0.4444444444444445,1.3,54.166666666666664
2026-09-15T12:00:00,2026-09-16T21:00:00,33,12.75,79.75,0.38,0.11800000000000002,0.08,0.0,0.38,0.38,1.7431192660550456,1.201834862385321,1.5807339449541282,83.33333333333333
2026-09-15T12:00:00,2026-09-16T21:00:00,33,12.75,80.0,0.36,0.11200000000000002,0.0,0.0,0.36,0.36,1.6981132075471697,1.1698113207547167,1.5396226415094336,79.16666666666667
2026-09-15T12:00:00,2026-09-16T21:00:00,33,12.75,80.25,0.08,0.072,0.05,0.0,0.23,0.23,1.3372093023255816,0.04651162790697679,0.95,33.333333333333336
2026-09-15T12:00:00,2026-09-16T21:00:00,33,12.75,80.5,0.27,0.382,0.27,0.03,0.8,0.77,1.5975103734439835,0.23236514522821575,1.187966804979253,41.666666666666664
2026-09-15T12:00:00,2026-09-16T21:00:00,33,12.75,80.75,0.5700000000000001,0.8680000000000001,0.5700000000000001,0.1,1.7000000000000002,1.6,1.6528925619834711,0.3078512396694215,1.2493801652892562,45.833333333333336
2026-09-15T12:00:00,2026-09-16T21:00:00,33,13.0,79.75,0.03,0.008,0.0,0.0,0.03,0.03,0.27777777777777773,0.20370370370370366,0.2555555555555555,20.833333333333332
2026-09-15T12:00:00,2026-09-16T21:00:00,33,13.0,80.0,0.03,0.01,0.0,0.0,0.03,0.03,0.2727272727272727,0.1818181818181818,0.24545454545454543,16.666666666666668
2026-09-15T12:00:00,2026-09-16T21:00:00,33,13.0,80.25,0.0,0.146,0.0,0.0,0.4,0.4,1.6260162601626018,0.5934959349593496,1.316260162601626,58.333333333333336
2026-09-15T12:00:00,2026-09-16T21:00:00,33,13.0,80.5,0.46,0.754,0.6000000000000001,0.0,1.4000000000000001,1.4000000000000001,1.6393442622950822,0.3442622950819672,1.2508196721311478,50.0
2026-09-15T12:00:00,2026-09-16T21:00:00,33,13.0,80.75,0.81,1.2879999999999998,1.1,0.0,2.33,2.33,1.6786743515850147,0.3443804034582131,1.278386167146974,54.166666666666664
2026-09-15T12:00:00,2026-09-16T21:00:00,33,13.25,79.75,0.0,0.0,0.0,0.0,0.0,0.0,0.0,0.0,0.0,0.0
2026-09-15T12:00:00,2026-09-16T21:00:00,33,13.25,80.0,0.0,0.008,0.0,0.0,0.04,0.04,0.37037037037037035,0.07407407407407407,0.28148148148148144,25.0
2026-09-15T12:00:00,2026-09-16T21:00:00,33,13.25,80.25,0.0,0.20400000000000001,0.0,0.0,0.52,0.52,1.7105263157894735,0.6710526315789473,1.3986842105263155,70.83333333333333
2026-09-15T12:00:00,2026-09-16T21:00:00,33,13.25,80.5,0.09,0.6,0.30000000000000004,0.0,1.41,1.41,2.0142857142857142,0.7285714285714286,1.6285714285714286,87.5
2026-09-15T12:00:00,2026-09-16T21:00:00,33,13.25,80.75,0.16,0.786,0.4,0.0,1.87,1.87,2.110609480812641,0.7065462753950339,1.6893905191873588,91.66666666666667
2026-09-15T12:00:00,2026-09-16T21:00:00,33,13.5,79.75,0.0,0.0,0.0,0.0,0.0,0.0,0.0,0.0,0.0,0.0
2026-09-15T12:00:00,2026-09-16T21:00:00,33,13.5,80.0,0.0,0.004,0.0,0.0,0.02,0.02,0.1923076923076923,0.03846153846153846,0.1461538461538461,12.5
2026-09-15T12:00:00,2026-09-16T21:00:00,33,13.5,80.25,0.0,0.062,0.0,0.0,0.21,0.21,1.2962962962962963,0.38271604938271603,1.0222222222222221,37.5
2026-09-15T12:00:00,2026-09-16T21:00:00,33,13.5,80.5,0.0,0.23800000000000004,0.1,0.0,0.54,0.54,1.5976331360946743,0.7041420118343195,1.3295857988165678,62.5
2026-09-15T12:00:00,2026-09-16T21:00:00,33,13.5,80.75,0.01,0.328,0.16,0.01,0.8,0.79,1.8457943925233644,0.7429906542056074,1.5149532710280371,75.0
2026-09-15T12:00:00,2026-09-16T21:00:00,33,13.75,79.75,0.0,0.0,0.0,0.0,0.0,0.0,0.0,0.0,0.0,0.0
2026-09-15T12:00:00,2026-09-16T21:00:00,33,13.75,80.0,0.0,0.008,0.0,0.0,0.04,0.04,0.37037037037037035,0.07407407407407407,0.28148148148148144,25.0
2026-09-15T12:00:00,2026-09-16T21:00:00,33,13.75,80.25,0.0,0.094,0.0,0.0,0.47000000000000003,0.47000000000000003,2.4226804123711343,0.4845360824742268,1.841237113402062,95.83333333333333
2026-09-15T12:00:00,2026-09-16T21:00:00,33,13.75,80.5,0.0,0.31000000000000005,0.1,0.0,1.11,1.11,2.707317073170732,0.7560975609756099,2.1219512195121952,100.0
2026-09-15T12:00:00,2026-09-16T21:00:00,33,13.75,80.75,0.15,0.426,0.2,0.0,0.91,0.91,1.7300380228136882,0.5247148288973384,1.3684410646387832,66.66666666666667
2026-09-15T12:00:00,2026-09-17T00:00:00,36,12.75,79.75,0.8,0.2,0.1,0.0,0.8,0.8,2.6666666666666665,2.0,2.4666666666666663,95.83333333333333
2026-09-15T12:00:00,2026-09-17T00:00:00,36,12.75,80.0,1.2000000000000002,0.28,0.0,0.0,1.2000000000000002,1.2000000000000002,3.1578947368421058,2.421052631578948,2.936842105263158,100.0
2026-09-15T12:00:00,2026-09-17T00:00:00,36,12.75,80.25,0.6000000000000001,0.2,0.1,0.0,0.6000000000000001,0.6000000000000001,2.0,1.3333333333333335,1.7999999999999998,83.33333333333333
2026-09-15T12:00:00,2026-09-17T00:00:00,36,12.75,80.5,0.30000000000000004,0.56,0.30000000000000004,0.0,1.5,1.5,2.2727272727272725,0.3939393939393939,1.7090909090909088,75.0
2026-09-15T12:00:00,2026-09-17T00:00:00,36,12.75,80.75,0.6000000000000001,1.3,0.7000000000000001,0.1,3.6,3.5,2.4999999999999996,0.49999999999999994,1.8999999999999995,87.5
2026-09-15T12:00:00,2026-09-17T00:00:00,36,13.0,79.75,0.1,0.02,0.0,0.0,0.1,0.1,0.8333333333333333,0.6666666666666666,0.7833333333333332,29.166666666666668
2026-09-15T12:00:00,2026-09-17T00:00:00,36,13.0,80.0,0.30000000000000004,0.06000000000000001,0.0,0.0,0.30000000000000004,0.30000000000000004,1.875,1.5,1.7625,79.16666666666667
2026-09-15T12:00:00,2026-09-17T00:00:00,36,13.0,80.25,0.2,0.18000000000000002,0.2,0.0,0.4,0.4,1.4285714285714286,0.07142857142857138,1.0214285714285714,37.5
2026-09-15T12:00:00,2026-09-17T00:00:00,36,13.0,80.5,0.5,0.8400000000000001,0.6000000000000001,0.0,1.6,1.6,1.702127659574468,0.36170212765957455,1.3,45.833333333333336
2026-09-15T12:00:00,2026-09-17T00:00:00,36,13.0,80.75,0.8,1.6,1.1,0.2,3.2,3.0,1.764705882352941,0.47058823529411764,1.376470588235294,58.333333333333336
2026-09-15T12:00:00,2026-09-17T00:00:00,36,13.25,79.75,0.0,0.0,0.0,0.0,0.0,0.0,0.0,0.0,0.0,0.0
2026-09-15T12:00:00,2026-09-17T00:00:00,36,13.25,80.0,0.0,0.0,0.0,0.0,0.0,0.0,0.0,0.0,0.0,0.0
2026-09-15T12:00:00,2026-09-17T00:00:00,36,13.25,80.25,0.0,0.2,0.0,0.0,0.5,0.5,1.6666666666666665,0.6666666666666666,1.3666666666666665,54.166666666666664
2026-09-15T12:00:00,2026-09-17T00:00:00,36,13.25,80.5,0.1,0.72,0.30000000000000004,0.1,1.6,1.5,1.829268292682927,0.7560975609756098,1.5073170731707317,66.66666666666667
2026-09-15T12:00:00,2026-09-17T00:00:00,36,13.25,80.75,0.2,1.3200000000000003,1.4000000000000001,0.2,2.9000000000000004,2.7,1.901408450704225,0.7887323943661972,1.5676056338028168,70.83333333333333
2026-09-15T12:00:00,2026-09-17T00:00:00,36,13.5,79.75,0.0,0.0,0.0,0.0,0.0,0.0,0.0,0.0,0.0,0.0
2026-09-15T12:00:00,2026-09-17T00:00:00,36,13.5,80.0,0.0,0.0,0.0,0.0,0.0,0.0,0.0,0.0,0.0,0.0
2026-09-15T12:00:00,2026-09-17T00:00:00,36,13.5,80.25,0.0,0.06000000000000001,0.0,0.0,0.2,0.2,1.2499999999999998,0.375,0.9874999999999998,33.333333333333336
2026-09-15T12:00:00,2026-09-17T00:00:00,36,13.5,80.5,0.1,0.64,0.5,0.1,1.3,1.2,1.6216216216216215,0.7297297297297298,1.3540540540540538,50.0
2026-09-15T12:00:00,2026-09-17T00:00:00,36,13.5,80.75,0.8,1.6,1.7000000000000002,0.2,2.7,2.5,1.4705882352941175,0.47058823529411764,1.1705882352941175,41.666666666666664
2026-09-15T12:00:00,2026-09-17T00:00:00,36,13.75,79.75,0.0,0.0,0.0,0.0,0.0,0.0,0.0,0.0,0.0,0.0
2026-09-15T12:00:00,2026-09-17T00:00:00,36,13.75,80.0,0.0,0.0,0.0,0.0,0.0,0.0,0.0,0.0,0.0,0.0
2026-09-15T12:00:00,2026-09-17T00:00:00,36,13.75,80.25,0.0,0.1,0.0,0.0,0.5,0.5,2.5,0.5,1.9,91.66666666666667
2026-09-15T12:00:00,2026-09-17T00:00:00,36,13.75,80.5,0.7000000000000001,0.9000000000000001,0.7000000000000001,0.0,1.9000000000000001,1.9000000000000001,1.8999999999999997,0.2,1.3899999999999997,62.5
2026-09-15T12:00:00,2026-09-17T00:00:00,36,13.75,80.75,2.8000000000000003,2.48,2.9000000000000004,0.5,3.1,2.6,1.0077519379844961,0.1240310077519381,0.7426356589147286,25.0
2026-09-15T12:00:00,2026-09-17T03:00:00,39,12.75,79.75,0.0,0.0,0.0,0.0,0.0,0.0,0.0,0.0,0.0,0.0
2026-09-15T12:00:00,2026-09-17T03:00:00,39,12.75,80.0,0.0,0.0,0.0,0.0,0.0,0.0,0.0,0.0,0.0,0.0
2026-09-15T12:00:00,2026-09-17T03:00:00,39,12.75,80.25,0.0,0.0,0.0,0.0,0.0,0.0,0.0,0.0,0.0,0.0
2026-09-15T12:00:00,2026-09-17T03:00:00,39,12.75,80.5,0.0,0.28800000000000003,0.0,0.0,1.4000000000000001,1.4000000000000001,3.6082474226804124,0.7422680412371134,2.7484536082474227,100.0
2026-09-15T12:00:00,2026-09-17T03:00:00,39,12.75,80.75,0.0,0.9800000000000001,0.2,0.0,3.3000000000000003,3.3000000000000003,3.055555555555556,0.9074074074074074,2.411111111111111,91.66666666666667
2026-09-15T12:00:00,2026-09-17T03:00:00,39,13.0,79.75,0.0,0.0,0.0,0.0,0.0,0.0,0.0,0.0,0.0,0.0
2026-09-15T12:00:00,2026-09-17T03:00:00,39,13.0,80.0,0.0,0.0,0.0,0.0,0.0,0.0,0.0,0.0,0.0,0.0
2026-09-15T12:00:00,2026-09-17T03:00:00,39,13.0,80.25,0.0,0.0,0.0,0.0,0.0,0.0,0.0,0.0,0.0,0.0
2026-09-15T12:00:00,2026-09-17T03:00:00,39,13.0,80.5,0.0,0.2,0.0,0.0,1.0,1.0,3.333333333333333,0.6666666666666666,2.533333333333333,95.83333333333333
2026-09-15T12:00:00,2026-09-17T03:00:00,39,13.0,80.75,0.0,1.058,0.84,0.0,3.3000000000000003,3.3000000000000003,2.849740932642487,0.9136442141623489,2.2689119170984453,87.5
2026-09-15T12:00:00,2026-09-17T03:00:00,39,13.25,79.75,0.0,0.0,0.0,0.0,0.0,0.0,0.0,0.0,0.0,0.0
2026-09-15T12:00:00,2026-09-17T03:00:00,39,13.25,80.0,0.0,0.0,0.0,0.0,0.0,0.0,0.0,0.0,0.0,0.0
2026-09-15T12:00:00,2026-09-17T03:00:00,39,13.25,80.25,0.0,0.0,0.0,0.0,0.0,0.0,0.0,0.0,0.0,0.0
2026-09-15T12:00:00,2026-09-17T03:00:00,39,13.25,80.5,0.0,0.042,0.0,0.0,0.2,0.2,1.408450704225352,0.29577464788732394,1.0746478873239436,70.83333333333333
2026-09-15T12:00:00,2026-09-17T03:00:00,39,13.25,80.75,0.02,0.708,0.53,0.02,2.1,2.08,2.5742574257425743,0.8514851485148515,2.0574257425742575,83.33333333333333
2026-09-15T12:00:00,2026-09-17T03:00:00,39,13.5,79.75,0.0,0.0,0.0,0.0,0.0,0.0,0.0,0.0,0.0,0.0
2026-09-15T12:00:00,2026-09-17T03:00:00,39,13.5,80.0,0.0,0.0,0.0,0.0,0.0,0.0,0.0,0.0,0.0,0.0
2026-09-15T12:00:00,2026-09-17T03:00:00,39,13.5,80.25,0.0,0.0,0.0,0.0,0.0,0.0,0.0,0.0,0.0,0.0
2026-09-15T12:00:00,2026-09-17T03:00:00,39,13.5,80.5,0.0,0.008,0.0,0.0,0.04,0.04,0.37037037037037035,0.07407407407407407,0.28148148148148144,62.5
2026-09-15T12:00:00,2026-09-17T03:00:00,39,13.5,80.75,0.11,0.4880000000000001,0.30000000000000004,0.11,1.4000000000000001,1.29,2.193877551020408,0.642857142857143,1.7285714285714284,79.16666666666667
2026-09-15T12:00:00,2026-09-17T03:00:00,39,13.75,79.75,0.0,0.0,0.0,0.0,0.0,0.0,0.0,0.0,0.0,0.0
2026-09-15T12:00:00,2026-09-17T03:00:00,39,13.75,80.0,0.0,0.0,0.0,0.0,0.0,0.0,0.0,0.0,0.0,0.0
2026-09-15T12:00:00,2026-09-17T03:00:00,39,13.75,80.25,0.0,0.0,0.0,0.0,0.0,0.0,0.0,0.0,0.0,0.0
2026-09-15T12:00:00,2026-09-17T03:00:00,39,13.75,80.5,0.0,0.066,0.05,0.0,0.2,0.2,1.2048192771084338,0.39759036144578314,0.9626506024096386,66.66666666666667
2026-09-15T12:00:00,2026-09-17T03:00:00,39,13.75,80.75,0.04,0.45200000000000007,0.42,0.04,1.0,0.96,1.7391304347826084,0.746376811594203,1.4413043478260865,75.0
2026-09-15T12:00:00,2026-09-17T06:00:00,42,12.75,79.75,0.0,0.0,0.0,0.0,0.0,0.0,0.0,0.0,0.0,0.0
2026-09-15T12:00:00,2026-09-17T06:00:00,42,12.75,80.0,0.0,0.0,0.0,0.0,0.0,0.0,0.0,0.0,0.0,0.0
2026-09-15T12:00:00,2026-09-17T06:00:00,42,12.75,80.25,0.0,0.0,0.0,0.0,0.0,0.0,0.0,0.0,0.0,0.0
2026-09-15T12:00:00,2026-09-17T06:00:00,42,12.75,80.5,0.0,0.30000000000000004,0.0,0.0,1.4000000000000001,1.4000000000000001,3.5,0.7500000000000001,2.675,100.0
2026-09-15T12:00:00,2026-09-17T06:00:00,42,12.75,80.75,0.0,1.12,0.2,0.0,3.3000000000000003,3.3000000000000003,2.704918032786885,0.9180327868852458,2.168852459016393,87.5
2026-09-15T12:00:00,2026-09-17T06:00:00,42,13.0,79.75,0.0,0.0,0.0,0.0,0.0,0.0,0.0,0.0,0.0,0.0
2026-09-15T12:00:00,2026-09-17T06:00:00,42,13.0,80.0,0.0,0.0,0.0,0.0,0.0,0.0,0.0,0.0,0.0,0.0
2026-09-15T12:00:00,2026-09-17T06:00:00,42,13.0,80.25,0.0,0.0,0.0,0.0,0.0,0.0,0.0,0.0,0.0,0.0
2026-09-15T12:00:00,2026-09-17T06:00:00,42,13.0,80.5,0.0,0.2,0.0,0.0,1.0,1.0,3.333333333333333,0.6666666666666666,2.533333333333333,95.83333333333333
2026-09-15T12:00:00,2026-09-17T06:00:00,42,13.0,80.75,0.0,1.06,0.8,0.0,3.3000000000000003,3.3000000000000003,2.8448275862068964,0.9137931034482758,2.2655172413793103,91.66666666666667
2026-09-15T12:00:00,2026-09-17T06:00:00,42,13.25,79.75,0.0,0.0,0.0,0.0,0.0,0.0,0.0,0.0,0.0,0.0
2026-09-15T12:00:00,2026-09-17T06:00:00,42,13.25,80.0,0.0,0.0,0.0,0.0,0.0,0.0,0.0,0.0,0.0,0.0
2026-09-15T12:00:00,2026-09-17T06:00:00,42,13.25,80.25,0.0,0.0,0.0,0.0,0.0,0.0,0.0,0.0,0.0,0.0
2026-09-15T12:00:00,2026-09-17T06:00:00,42,13.25,80.5,0.0,0.04,0.0,0.0,0.2,0.2,1.4285714285714286,0.2857142857142857,1.0857142857142856,70.83333333333333
2026-09-15T12:00:00,2026-09-17T06:00:00,42,13.25,80.75,0.0,0.7,0.5,0.0,2.1,2.1,2.6250000000000004,0.875,2.1,83.33333333333333
2026-09-15T12:00:00,2026-09-17T06:00:00,42,13.5,79.75,0.0,0.0,0.0,0.0,0.0,0.0,0.0,0.0,0.0,0.0
2026-09-15T12:00:00,2026-09-17T06:00:00,42,13.5,80.0,0.0,0.0,0.0,0.0,0.0,0.0,0.0,0.0,0.0,0.0
2026-09-15T12:00:00,2026-09-17T06:00:00,42,13.5,80.25,0.0,0.0,0.0,0.0,0.0,0.0,0.0,0.0,0.0,0.0
2026-09-15T12:00:00,2026-09-17T06:00:00,42,13.5,80.5,0.0,0.0,0.0,0.0,0.0,0.0,0.0,0.0,0.0,0.0
2026-09-15T12:00:00,2026-09-17T06:00:00,42,13.5,80.75,0.1,0.5,0.30000000000000004,0.1,1.4000000000000001,1.3,2.166666666666667,0.6666666666666667,1.7166666666666668,79.16666666666667
2026-09-15T12:00:00,2026-09-17T06:00:00,42,13.75,79.75,0.0,0.0,0.0,0.0,0.0,0.0,0.0,0.0,0.0,0.0
2026-09-15T12:00:00,2026-09-17T06:00:00,42,13.75,80.0,0.0,0.0,0.0,0.0,0.0,0.0,0.0,0.0,0.0,0.0
2026-09-15T12:00:00,2026-09-17T06:00:00,42,13.75,80.25,0.0,0.0,0.0,0.0,0.0,0.0,0.0,0.0,0.0,0.0
2026-09-15T12:00:00,2026-09-17T06:00:00,42,13.75,80.5,0.0,0.08,0.1,0.0,0.2,0.2,1.1111111111111112,0.4444444444444445,0.9111111111111111,66.66666666666667
2026-09-15T12:00:00,2026-09-17T06:00:00,42,13.75,80.75,0.0,0.44000000000000006,0.4,0.0,1.0,1.0,1.8518518518518516,0.8148148148148149,1.5407407407407405,75.0
2026-09-15T12:00:00,2026-09-17T09:00:00,45,12.75,79.75,0.0,0.0,0.0,0.0,0.0,0.0,0.0,0.0,0.0,0.0
2026-09-15T12:00:00,2026-09-17T09:00:00,45,12.75,80.0,0.0,0.0,0.0,0.0,0.0,0.0,0.0,0.0,0.0,0.0
2026-09-15T12:00:00,2026-09-17T09:00:00,45,12.75,80.25,0.0,0.0,0.0,0.0,0.0,0.0,0.0,0.0,0.0,0.0
2026-09-15T12:00:00,2026-09-17T09:00:00,45,12.75,80.5,0.0,0.0,0.0,0.0,0.0,0.0,0.0,0.0,0.0,0.0
2026-09-15T12:00:00,2026-09-17T09:00:00,45,12.75,80.75,0.0,0.0,0.0,0.0,0.0,0.0,0.0,0.0,0.0,0.0
2026-09-15T12:00:00,2026-09-17T09:00:00,45,13.0,79.75,0.0,0.0,0.0,0.0,0.0,0.0,0.0,0.0,0.0,0.0
2026-09-15T12:00:00,2026-09-17T09:00:00,45,13.0,80.0,0.0,0.0,0.0,0.0,0.0,0.0,0.0,0.0,0.0,0.0
2026-09-15T12:00:00,2026-09-17T09:00:00,45,13.0,80.25,0.0,0.0,0.0,0.0,0.0,0.0,0.0,0.0,0.0,0.0
2026-09-15T12:00:00,2026-09-17T09:00:00,45,13.0,80.5,0.0,0.0,0.0,0.0,0.0,0.0,0.0,0.0,0.0,0.0
2026-09-15T12:00:00,2026-09-17T09:00:00,45,13.0,80.75,0.0,0.0,0.0,0.0,0.0,0.0,0.0,0.0,0.0,0.0
2026-09-15T12:00:00,2026-09-17T09:00:00,45,13.25,79.75,0.0,0.0,0.0,0.0,0.0,0.0,0.0,0.0,0.0,0.0
2026-09-15T12:00:00,2026-09-17T09:00:00,45,13.25,80.0,0.0,0.0,0.0,0.0,0.0,0.0,0.0,0.0,0.0,0.0
2026-09-15T12:00:00,2026-09-17T09:00:00,45,13.25,80.25,0.0,0.0,0.0,0.0,0.0,0.0,0.0,0.0,0.0,0.0
2026-09-15T12:00:00,2026-09-17T09:00:00,45,13.25,80.5,0.0,0.0,0.0,0.0,0.0,0.0,0.0,0.0,0.0,0.0
2026-09-15T12:00:00,2026-09-17T09:00:00,45,13.25,80.75,0.0,0.0,0.0,0.0,0.0,0.0,0.0,0.0,0.0,0.0
2026-09-15T12:00:00,2026-09-17T09:00:00,45,13.5,79.75,0.0,0.0,0.0,0.0,0.0,0.0,0.0,0.0,0.0,0.0
2026-09-15T12:00:00,2026-09-17T09:00:00,45,13.5,80.0,0.0,0.0,0.0,0.0,0.0,0.0,0.0,0.0,0.0,0.0
2026-09-15T12:00:00,2026-09-17T09:00:00,45,13.5,80.25,0.0,0.0,0.0,0.0,0.0,0.0,0.0,0.0,0.0,0.0
2026-09-15T12:00:00,2026-09-17T09:00:00,45,13.5,80.5,0.0,0.0,0.0,0.0,0.0,0.0,0.0,0.0,0.0,0.0
2026-09-15T12:00:00,2026-09-17T09:00:00,45,13.5,80.75,0.0,0.0,0.0,0.0,0.0,0.0,0.0,0.0,0.0,0.0
2026-09-15T12:00:00,2026-09-17T09:00:00,45,13.75,79.75,0.0,0.0,0.0,0.0,0.0,0.0,0.0,0.0,0.0,0.0
2026-09-15T12:00:00,2026-09-17T09:00:00,45,13.75,80.0,0.0,0.0,0.0,0.0,0.0,0.0,0.0,0.0,0.0,0.0
2026-09-15T12:00:00,2026-09-17T09:00:00,45,13.75,80.25,0.0,0.0,0.0,0.0,0.0,0.0,0.0,0.0,0.0,0.0
2026-09-15T12:00:00,2026-09-17T09:00:00,45,13.75,80.5,0.0,0.0,0.0,0.0,0.0,0.0,0.0,0.0,0.0,0.0
2026-09-15T12:00:00,2026-09-17T09:00:00,45,13.75,80.75,0.0,0.0,0.0,0.0,0.0,0.0,0.0,0.0,0.0,0.0
2026-09-15T12:00:00,2026-09-17T12:00:00,48,12.75,79.75,0.0,0.0,0.0,0.0,0.0,0.0,0.0,0.0,0.0,0.0
2026-09-15T12:00:00,2026-09-17T12:00:00,48,12.75,80.0,0.0,0.0,0.0,0.0,0.0,0.0,0.0,0.0,0.0,0.0
2026-09-15T12:00:00,2026-09-17T12:00:00,48,12.75,80.25,0.0,0.0,0.0,0.0,0.0,0.0,0.0,0.0,0.0,0.0
2026-09-15T12:00:00,2026-09-17T12:00:00,48,12.75,80.5,0.0,0.0,0.0,0.0,0.0,0.0,0.0,0.0,0.0,0.0
2026-09-15T12:00:00,2026-09-17T12:00:00,48,12.75,80.75,0.0,0.0,0.0,0.0,0.0,0.0,0.0,0.0,0.0,0.0
2026-09-15T12:00:00,2026-09-17T12:00:00,48,13.0,79.75,0.0,0.0,0.0,0.0,0.0,0.0,0.0,0.0,0.0,0.0
2026-09-15T12:00:00,2026-09-17T12:00:00,48,13.0,80.0,0.0,0.0,0.0,0.0,0.0,0.0,0.0,0.0,0.0,0.0
2026-09-15T12:00:00,2026-09-17T12:00:00,48,13.0,80.25,0.0,0.0,0.0,0.0,0.0,0.0,0.0,0.0,0.0,0.0
2026-09-15T12:00:00,2026-09-17T12:00:00,48,13.0,80.5,0.0,0.0,0.0,0.0,0.0,0.0,0.0,0.0,0.0,0.0
2026-09-15T12:00:00,2026-09-17T12:00:00,48,13.0,80.75,0.0,0.0,0.0,0.0,0.0,0.0,0.0,0.0,0.0,0.0
2026-09-15T12:00:00,2026-09-17T12:00:00,48,13.25,79.75,0.0,0.0,0.0,0.0,0.0,0.0,0.0,0.0,0.0,0.0
2026-09-15T12:00:00,2026-09-17T12:00:00,48,13.25,80.0,0.0,0.0,0.0,0.0,0.0,0.0,0.0,0.0,0.0,0.0
2026-09-15T12:00:00,2026-09-17T12:00:00,48,13.25,80.25,0.0,0.0,0.0,0.0,0.0,0.0,0.0,0.0,0.0,0.0
2026-09-15T12:00:00,2026-09-17T12:00:00,48,13.25,80.5,0.0,0.0,0.0,0.0,0.0,0.0,0.0,0.0,0.0,0.0
2026-09-15T12:00:00,2026-09-17T12:00:00,48,13.25,80.75,0.0,0.0,0.0,0.0,0.0,0.0,0.0,0.0,0.0,0.0
2026-09-15T12:00:00,2026-09-17T12:00:00,48,13.5,79.75,0.0,0.0,0.0,0.0,0.0,0.0,0.0,0.0,0.0,0.0
2026-09-15T12:00:00,2026-09-17T12:00:00,48,13.5,80.0,0.0,0.0,0.0,0.0,0.0,0.0,0.0,0.0,0.0,0.0
2026-09-15T12:00:00,2026-09-17T12:00:00,48,13.5,80.25,0.0,0.0,0.0,0.0,0.0,0.0,0.0,0.0,0.0,0.0
2026-09-15T12:00:00,2026-09-17T12:00:00,48,13.5,80.5,0.0,0.0,0.0,0.0,0.0,0.0,0.0,0.0,0.0,0.0
2026-09-15T12:00:00,2026-09-17T12:00:00,48,13.5,80.75,0.0,0.0,0.0,0.0,0.0,0.0,0.0,0.0,0.0,0.0
2026-09-15T12:00:00,2026-09-17T12:00:00,48,13.75,79.75,0.0,0.0,0.0,0.0,0.0,0.0,0.0,0.0,0.0,0.0
2026-09-15T12:00:00,2026-09-17T12:00:00,48,13.75,80.0,0.0,0.0,0.0,0.0,0.0,0.0,0.0,0.0,0.0,0.0
2026-09-15T12:00:00,2026-09-17T12:00:00,48,13.75,80.25,0.0,0.0,0.0,0.0,0.0,0.0,0.0,0.0,0.0,0.0
2026-09-15T12:00:00,2026-09-17T12:00:00,48,13.75,80.5,0.0,0.0,0.0,0.0,0.0,0.0,0.0,0.0,0.0,0.0
2026-09-15T12:00:00,2026-09-17T12:00:00,48,13.75,80.75,0.0,0.0,0.0,0.0,0.0,0.0,0.0,0.0,0.0,0.0
2026-09-15T12:00:00,2026-09-17T15:00:00,51,12.75,79.75,0.0,0.0,0.0,0.0,0.0,0.0,0.0,0.0,0.0,0.0
2026-09-15T12:00:00,2026-09-17T15:00:00,51,12.75,80.0,0.0,0.02,0.0,0.0,0.1,0.1,0.8333333333333333,0.16666666666666666,0.6333333333333333,50.0
2026-09-15T12:00:00,2026-09-17T15:00:00,51,12.75,80.25,0.0,0.0,0.0,0.0,0.0,0.0,0.0,0.0,0.0,0.0
2026-09-15T12:00:00,2026-09-17T15:00:00,51,12.75,80.5,0.0,0.0,0.0,0.0,0.0,0.0,0.0,0.0,0.0,0.0
2026-09-15T12:00:00,2026-09-17T15:00:00,51,12.75,80.75,0.0,0.0,0.0,0.0,0.0,0.0,0.0,0.0,0.0,0.0
2026-09-15T12:00:00,2026-09-17T15:00:00,51,13.0,79.75,0.0,0.048,0.01,0.0,0.2,0.2,1.3513513513513513,0.3243243243243243,1.043243243243243,58.333333333333336
2026-09-15T12:00:00,2026-09-17T15:00:00,51,13.0,80.0,0.0,0.082,0.0,0.0,0.4,0.4,2.197802197802198,0.45054945054945056,1.6736263736263737,62.5
2026-09-15T12:00:00,2026-09-17T15:00:00,51,13.0,80.25,0.0,0.08,0.0,0.0,0.4,0.4,2.2222222222222223,0.4444444444444445,1.6888888888888889,66.66666666666667
2026-09-15T12:00:00,2026-09-17T15:00:00,51,13.0,80.5,0.0,0.0,0.0,0.0,0.0,0.0,0.0,0.0,0.0,0.0
2026-09-15T12:00:00,2026-09-17T15:00:00,51,13.0,80.75,0.0,0.0,0.0,0.0,0.0,0.0,0.0,0.0,0.0,0.0
2026-09-15T12:00:00,2026-09-17T15:00:00,51,13.25,79.75,0.0,0.188,0.04,0.0,0.8,0.8,2.7777777777777777,0.6527777777777777,2.1402777777777775,83.33333333333333
2026-09-15T12:00:00,2026-09-17T15:00:00,51,13.25,80.0,0.0,0.186,0.0,0.0,0.9,0.9,3.1468531468531467,0.6503496503496503,2.3979020979020977,91.66666666666667
2026-09-15T12:00:00,2026-09-17T15:00:00,51,13.25,80.25,0.0,0.08,0.0,0.0,0.4,0.4,2.2222222222222223,0.4444444444444445,1.6888888888888889,66.66666666666667
2026-09-15T12:00:00,2026-09-17T15:00:00,51,13.25,80.5,0.0,0.0,0.0,0.0,0.0,0.0,0.0,0.0,0.0,0.0
2026-09-15T12:00:00,2026-09-17T15:00:00,51,13.25,80.75,0.0,0.0,0.0,0.0,0.0,0.0,0.0,0.0,0.0,0.0
2026-09-15T12:00:00,2026-09-17T15:00:00,51,13.5,79.75,0.0,0.454,0.12,0.0,2.0,2.0,3.6101083032490973,0.8194945848375451,2.772924187725631,95.83333333333333
2026-09-15T12:00:00,2026-09-17T15:00:00,51,13.5,80.0,0.0,0.326,0.01,0.0,1.6,1.6,3.755868544600939,0.7652582159624413,2.8586854460093893,100.0
2026-09-15T12:00:00,2026-09-17T15:00:00,51,13.5,80.25,0.0,0.08,0.0,0.0,0.4,0.4,2.2222222222222223,0.4444444444444445,1.6888888888888889,66.66666666666667
2026-09-15T12:00:00,2026-09-17T15:00:00,51,13.5,80.5,0.0,0.0,0.0,0.0,0.0,0.0,0.0,0.0,0.0,0.0
2026-09-15T12:00:00,2026-09-17T15:00:00,51,13.5,80.75,0.0,0.0,0.0,0.0,0.0,0.0,0.0,0.0,0.0,0.0
2026-09-15T12:00:00,2026-09-17T15:00:00,51,13.75,79.75,0.0,0.21600000000000003,0.08,0.0,0.9,0.9,2.8481012658227844,0.6835443037974683,2.198734177215189,87.5
2026-09-15T12:00:00,2026-09-17T15:00:00,51,13.75,80.0,0.0,0.10200000000000001,0.0,0.0,0.5,0.5,2.4752475247524752,0.504950495049505,1.884158415841584,79.16666666666667
2026-09-15T12:00:00,2026-09-17T15:00:00,51,13.75,80.25,0.0,0.02,0.0,0.0,0.1,0.1,0.8333333333333333,0.16666666666666666,0.6333333333333333,50.0
2026-09-15T12:00:00,2026-09-17T15:00:00,51,13.75,80.5,0.0,0.0,0.0,0.0,0.0,0.0,0.0,0.0,0.0,0.0
2026-09-15T12:00:00,2026-09-17T15:00:00,51,13.75,80.75,0.0,0.0,0.0,0.0,0.0,0.0,0.0,0.0,0.0,0.0
2026-09-15T12:00:00,2026-09-17T18:00:00,54,12.75,79.75,2.4000000000000004,0.5400000000000001,0.1,0.0,2.4000000000000004,2.4000000000000004,3.75,2.90625,3.496875,100.0
2026-09-15T12:00:00,2026-09-17T18:00:00,54,12.75,80.0,0.30000000000000004,0.14,0.1,0.0,0.30000000000000004,0.30000000000000004,1.25,0.6666666666666667,1.075,8.333333333333334
2026-09-15T12:00:00,2026-09-17T18:00:00,54,12.75,80.25,0.30000000000000004,0.1,0.0,0.0,0.30000000000000004,0.30000000000000004,1.5000000000000002,1.0000000000000002,1.35,16.666666666666668
2026-09-15T12:00:00,2026-09-17T18:00:00,54,12.75,80.5,0.0,0.1,0.0,0.0,0.30000000000000004,0.30000000000000004,1.5000000000000002,0.5,1.2,12.5
2026-09-15T12:00:00,2026-09-17T18:00:00,54,12.75,80.75,0.0,0.2,0.0,0.0,0.9,0.9,2.9999999999999996,0.6666666666666666,2.3,66.66666666666667
2026-09-15T12:00:00,2026-09-17T18:00:00,54,13.0,79.75,0.4,0.56,0.4,0.0,1.7000000000000002,1.7000000000000002,2.5757575757575757,0.24242424242424246,1.8757575757575755,50.0
2026-09-15T12:00:00,2026-09-17T18:00:00,54,13.0,80.0,0.0,0.66,0.0,0.0,2.4000000000000004,2.4000000000000004,3.1578947368421058,0.868421052631579,2.4710526315789476,83.33333333333333
2026-09-15T12:00:00,2026-09-17T18:00:00,54,13.0,80.25,0.0,0.4,0.0,0.0,1.5,1.5,3.0,0.8,2.34,75.0
2026-09-15T12:00:00,2026-09-17T18:00:00,54,13.0,80.5,0.1,0.34,0.1,0.0,1.2000000000000002,1.2000000000000002,2.7272727272727275,0.5454545454545454,2.0727272727272728,58.333333333333336
2026-09-15T12:00:00,2026-09-17T18:00:00,54,13.0,80.75,0.1,0.4,0.1,0.0,1.0,1.0,2.0,0.6000000000000001,1.5799999999999998,20.833333333333332
2026-09-15T12:00:00,2026-09-17T18:00:00,54,13.25,79.75,0.0,1.26,0.2,0.0,4.0,4.0,2.941176470588235,0.926470588235294,2.3367647058823526,70.83333333333333
2026-09-15T12:00:00,2026-09-17T18:00:00,54,13.25,80.0,0.0,1.4600000000000002,0.0,0.0,4.6000000000000005,4.6000000000000005,2.9487179487179485,0.9358974358974359,2.3448717948717945,79.16666666666667
2026-09-15T12:00:00,2026-09-17T18:00:00,54,13.25,80.25,0.0,0.6,0.0,0.0,1.6,1.6,2.285714285714286,0.8571428571428572,1.8571428571428572,45.833333333333336
2026-09-15T12:00:00,2026-09-17T18:00:00,54,13.25,80.5,0.7000000000000001,0.4,0.30000000000000004,0.0,1.0,1.0,2.0,0.6000000000000001,1.5799999999999998,20.833333333333332
2026-09-15T12:00:00,2026-09-17T18:00:00,54,13.25,80.75,1.0,0.66,0.7000000000000001,0.0,1.6,1.6,2.1052631578947367,0.4473684210526315,1.607894736842105,29.166666666666668
2026-09-15T12:00:00,2026-09-17T18:00:00,54,13.5,79.75,0.0,1.36,0.5,0.0,3.7,3.7,2.5342465753424657,0.9315068493150684,2.0534246575342463,54.166666666666664
2026-09-15T12:00:00,2026-09-17T18:00:00,54,13.5,80.0,0.0,1.08,0.0,0.0,3.4000000000000004,3.4000000000000004,2.8813559322033897,0.9152542372881355,2.2915254237288134,62.5
2026-09-15T12:00:00,2026-09-17T18:00:00,54,13.5,80.25,0.0,0.44000000000000006,0.0,0.0,1.8,1.8,3.333333333333333,0.8148148148148149,2.5777777777777775,87.5
2026-09-15T12:00:00,2026-09-17T18:00:00,54,13.5,80.5,0.2,0.12,0.1,0.0,0.30000000000000004,0.30000000000000004,1.3636363636363638,0.3636363636363637,1.0636363636363637,4.166666666666667
2026-09-15T12:00:00,2026-09-17T18:00:00,54,13.5,80.75,0.9,0.38,0.2,0.0,0.9,0.9,1.8750000000000002,1.0833333333333335,1.6375,33.333333333333336
2026-09-15T12:00:00,2026-09-17T18:00:00,54,13.75,79.75,0.0,0.9200000000000002,0.4,0.0,2.2,2.2,2.156862745098039,0.9019607843137254,1.7803921568627448,41.666666666666664
2026-09-15T12:00:00,2026-09-17T18:00:00,54,13.75,80.0,0.0,0.58,0.0,0.0,2.5,2.5,3.6764705882352944,0.8529411764705882,2.8294117647058825,91.66666666666667
2026-09-15T12:00:00,2026-09-17T18:00:00,54,13.75,80.25,0.0,0.32,0.0,0.0,1.6,1.6,3.8095238095238093,0.7619047619047619,2.895238095238095,95.83333333333333
2026-09-15T12:00:00,2026-09-17T18:00:00,54,13.75,80.5,0.0,0.02,0.0,0.0,0.1,0.1,0.8333333333333333,0.16666666666666666,0.6333333333333333,0.0
2026-09-15T12:00:00,2026-09-17T18:00:00,54,13.75,80.75,0.5,0.16,0.0,0.0,0.5,0.5,1.923076923076923,1.3076923076923075,1.7384615384615383,37.5
2026-09-15T12:00:00,2026-09-17T21:00:00,57,12.75,79.75,4.9,1.964,1.02,0.0,4.9,4.9,2.374031007751938,1.4224806201550388,2.0885658914728684,41.666666666666664
2026-09-15T12:00:00,2026-09-17T21:00:00,57,12.75,80.0,0.6000000000000001,2.1799999999999997,0.6000000000000001,0.0,9.5,9.5,4.166666666666667,0.6929824561403508,3.1245614035087717,75.0
2026-09-15T12:00:00,2026-09-17T21:00:00,57,12.75,80.25,0.0,1.7700000000000002,0.32,0.0,8.200000000000001,8.200000000000001,4.385026737967914,0.946524064171123,3.353475935828877,91.66666666666667
2026-09-15T12:00:00,2026-09-17T21:00:00,57,12.75,80.5,0.0,0.9040000000000001,0.0,0.0,2.9000000000000004,2.9000000000000004,2.888446215139442,0.900398406374502,2.2920318725099595,45.833333333333336
2026-09-15T12:00:00,2026-09-17T21:00:00,57,12.75,80.75,0.0,1.31,0.0,0.0,4.4,4.4,3.120567375886525,0.9290780141843971,2.4631205673758867,58.333333333333336
2026-09-15T12:00:00,2026-09-17T21:00:00,57,13.0,79.75,0.7000000000000001,2.754,0.7000000000000001,0.0,11.200000000000001,11.200000000000001,3.9243167484232657,0.7196916608269095,2.9629292221443584,66.66666666666667
2026-09-15T12:00:00,2026-09-17T21:00:00,57,13.0,80.0,0.0,5.296000000000001,0.0,0.0,24.400000000000002,24.400000000000002,4.52186805040771,0.9814677538917718,3.459747961452928,95.83333333333333
2026-09-15T12:00:00,2026-09-17T21:00:00,57,13.0,80.25,0.0,4.128,0.06,0.0,19.700000000000003,19.700000000000003,4.659413434247872,0.9763481551561023,3.554493850520341,100.0
2026-09-15T12:00:00,2026-09-17T21:00:00,57,13.0,80.5,0.6000000000000001,1.088,0.6000000000000001,0.0,3.8000000000000003,3.8000000000000003,3.1986531986531985,0.4107744107744107,2.362289562289562,54.166666666666664
2026-09-15T12:00:00,2026-09-17T21:00:00,57,13.0,80.75,1.1,1.2580000000000002,1.1,0.0,3.7,3.7,2.7245949926362294,0.11634756995581745,1.9421207658321058,16.666666666666668
2026-09-15T12:00:00,2026-09-17T21:00:00,57,13.25,79.75,0.0,2.7140000000000004,0.0,0.0,11.100000000000001,11.100000000000001,3.94456289978678,0.9644633972992182,3.0505330490405114,70.83333333333333
2026-09-15T12:00:00,2026-09-17T21:00:00,57,13.25,80.0,0.0,4.186,0.0,0.0,17.6,17.6,4.106392907139525,0.9766682221185256,3.167475501633225,79.16666666666667
2026-09-15T12:00:00,2026-09-17T21:00:00,57,13.25,80.25,0.0,2.6100000000000003,0.0,0.0,11.3,11.3,4.169741697416974,0.9630996309963099,3.2077490774907744,83.33333333333333
2026-09-15T12:00:00,2026-09-17T21:00:00,57,13.25,80.5,3.5,1.008,0.24,0.0,3.5,3.5,3.15884476534296,2.2490974729241877,2.885920577617328,62.5
2026-09-15T12:00:00,2026-09-17T21:00:00,57,13.25,80.75,6.6000000000000005,1.754,0.5700000000000001,0.0,6.6000000000000005,6.6000000000000005,3.559870550161812,2.6138079827400214,3.276051779935275,87.5
2026-09-15T12:00:00,2026-09-17T21:00:00,57,13.5,79.75,0.0,1.1480000000000001,0.0,0.0,3.1,3.1,2.4839743589743586,0.9198717948717948,2.0147435897435892,33.333333333333336
2026-09-15T12:00:00,2026-09-17T21:00:00,57,13.5,80.0,0.0,1.538,0.0,0.0,4.1000000000000005,4.1000000000000005,2.503052503052503,0.938949938949939,2.0338217338217337,37.5
2026-09-15T12:00:00,2026-09-17T21:00:00,57,13.5,80.25,0.0,0.982,0.1,0.0,2.6,2.6,2.4029574861367835,0.9075785582255083,1.9543438077634008,20.833333333333332
2026-09-15T12:00:00,2026-09-17T21:00:00,57,13.5,80.5,0.9,0.41000000000000003,0.30000000000000004,0.02,0.9,0.88,1.7254901960784315,0.9607843137254901,1.496078431372549,0.0
2026-09-15T12:00:00,2026-09-17T21:00:00,57,13.5,80.75,1.9000000000000001,0.8019999999999999,0.7000000000000001,0.01,1.9000000000000001,1.8900000000000001,2.0953436807095347,1.21729490022173,1.831929046563193,4.166666666666667
2026-09-15T12:00:00,2026-09-17T21:00:00,57,13.75,79.75,0.0,0.6060000000000001,0.0,0.0,1.73,1.73,2.45042492917847,0.8583569405099151,1.9728045325779036,29.166666666666668
2026-09-15T12:00:00,2026-09-17T21:00:00,57,13.75,80.0,0.0,0.966,0.0,0.0,3.13,3.13,2.936210131332082,0.9061913696060037,2.3272045028142587,50.0
2026-09-15T12:00:00,2026-09-17T21:00:00,57,13.75,80.25,0.0,0.9100000000000001,0.4,0.0,2.45,2.45,2.4257425742574252,0.9009900990099009,1.9683168316831678,25.0
2026-09-15T12:00:00,2026-09-17T21:00:00,57,13.75,80.5,0.0,0.524,0.52,0.0,1.5,1.5,2.4038461538461537,0.8397435897435898,1.9346153846153844,8.333333333333334
2026-09-15T12:00:00,2026-09-17T21:00:00,57,13.75,80.75,0.2,0.8280000000000001,0.2,0.0,2.3000000000000003,2.3000000000000003,2.478448275862069,0.6767241379310346,1.9379310344827585,12.5
2026-09-15T12:00:00,2026-09-18T00:00:00,60,12.75,79.75,5.4,2.3200000000000003,1.5,0.0,5.4,5.4,2.2314049586776856,1.2727272727272725,1.9438016528925615,29.166666666666668
2026-09-15T12:00:00,2026-09-18T00:00:00,60,12.75,80.0,0.6000000000000001,3.0,0.6000000000000001,0.0,13.200000000000001,13.200000000000001,4.258064516129033,0.7741935483870968,3.212903225806452,87.5
2026-09-15T12:00:00,2026-09-18T00:00:00,60,12.75,80.25,0.0,2.7800000000000002,0.4,0.0,13.100000000000001,13.100000000000001,4.548611111111111,0.9652777777777778,3.4736111111111105,95.83333333333333
2026-09-15T12:00:00,2026-09-18T00:00:00,60,12.75,80.5,0.0,1.34,0.0,0.0,4.3,4.3,2.9861111111111107,0.9305555555555555,2.369444444444444,45.833333333333336
2026-09-15T12:00:00,2026-09-18T00:00:00,60,12.75,80.75,0.0,1.6600000000000001,0.30000000000000004,0.0,4.800000000000001,4.800000000000001,2.7272727272727275,0.9431818181818181,2.1920454545454544,37.5
2026-09-15T12:00:00,2026-09-18T00:00:00,60,13.0,79.75,0.7000000000000001,2.98,0.7000000000000001,0.0,11.700000000000001,11.700000000000001,3.798701298701299,0.7402597402597402,2.8811688311688313,75.0
2026-09-15T12:00:00,2026-09-18T00:00:00,60,13.0,80.0,0.0,5.94,0.1,0.0,26.900000000000002,26.900000000000002,4.453642384105961,0.9834437086092715,3.412582781456954,91.66666666666667
2026-09-15T12:00:00,2026-09-18T00:00:00,60,13.0,80.25,0.0,4.880000000000001,0.1,0.0,23.200000000000003,23.200000000000003,4.658634538152611,0.9799196787148595,3.5550200803212855,100.0
2026-09-15T12:00:00,2026-09-18T00:00:00,60,13.0,80.5,0.6000000000000001,1.36,0.6000000000000001,0.0,4.800000000000001,4.800000000000001,3.2876712328767126,0.5205479452054794,2.4575342465753423,54.166666666666664
2026-09-15T12:00:00,2026-09-18T00:00:00,60,13.0,80.75,1.2000000000000002,1.72,1.5,0.0,3.8000000000000003,3.8000000000000003,2.087912087912088,0.2857142857142856,1.547252747252747,4.166666666666667
2026-09-15T12:00:00,2026-09-18T00:00:00,60,13.25,79.75,0.0,3.2400000000000007,0.5,0.0,12.3,12.3,3.6826347305389215,0.9700598802395209,2.8688622754491013,70.83333333333333
2026-09-15T12:00:00,2026-09-18T00:00:00,60,13.25,80.0,0.0,4.720000000000001,0.2,0.0,19.1,19.1,3.962655601659751,0.9792531120331951,3.067634854771784,79.16666666666667
2026-09-15T12:00:00,2026-09-18T00:00:00,60,13.25,80.25,0.0,2.7800000000000002,0.0,0.0,12.0,12.0,4.166666666666666,0.9652777777777778,3.2062499999999994,83.33333333333333
2026-09-15T12:00:00,2026-09-18T00:00:00,60,13.25,80.5,3.5,1.08,0.30000000000000004,0.0,3.5,3.5,2.966101694915254,2.0508474576271185,2.6915254237288133,62.5
2026-09-15T12:00:00,2026-09-18T00:00:00,60,13.25,80.75,6.6000000000000005,2.32,1.4000000000000001,0.0,6.6000000000000005,6.6000000000000005,2.7272727272727275,1.7685950413223146,2.4396694214876034,50.0
2026-09-15T12:00:00,2026-09-18T00:00:00,60,13.5,79.75,0.0,1.6600000000000001,0.30000000000000004,0.0,4.1000000000000005,4.1000000000000005,2.3295454545454546,0.9431818181818181,1.9136363636363636,25.0
2026-09-15T12:00:00,2026-09-18T00:00:00,60,13.5,80.0,0.0,1.98,0.1,0.0,5.1000000000000005,5.1000000000000005,2.451923076923077,0.9519230769230769,2.001923076923077,33.333333333333336
2026-09-15T12:00:00,2026-09-18T00:00:00,60,13.5,80.25,0.0,1.1400000000000001,0.1,0.0,2.8000000000000003,2.8000000000000003,2.258064516129032,0.9193548387096774,1.8564516129032254,20.833333333333332
2026-09-15T12:00:00,2026-09-18T00:00:00,60,13.5,80.5,0.9,0.5200000000000001,0.30000000000000004,0.0,1.2000000000000002,1.2000000000000002,1.935483870967742,0.6129032258064513,1.5387096774193547,0.0
2026-09-15T12:00:00,2026-09-18T00:00:00,60,13.5,80.75,1.9000000000000001,1.0399999999999998,0.7000000000000001,0.0,2.5,2.5,2.192982456140351,0.754385964912281,1.76140350877193,12.5
2026-09-15T12:00:00,2026-09-18T00:00:00,60,13.75,79.75,0.0,0.9399999999999998,0.1,0.0,3.0,3.0,2.884615384615385,0.9038461538461539,2.2903846153846157,41.666666666666664
2026-09-15T12:00:00,2026-09-18T00:00:00,60,13.75,80.0,0.0,1.52,0.0,0.0,5.800000000000001,5.800000000000001,3.5802469135802473,0.9382716049382716,2.787654320987654,66.66666666666667
2026-09-15T12:00:00,2026-09-18T00:00:00,60,13.75,80.25,0.0,1.4200000000000002,0.5,0.0,4.800000000000001,4.800000000000001,3.1578947368421053,0.9342105263157894,2.4907894736842104,58.333333333333336
2026-09-15T12:00:00,2026-09-18T00:00:00,60,13.75,80.5,0.0,0.74,0.6000000000000001,0.0,1.9000000000000001,1.9000000000000001,2.2619047619047623,0.8809523809523809,1.8476190476190477,16.666666666666668
2026-09-15T12:00:00,2026-09-18T00:00:00,60,13.75,80.75,0.2,1.0200000000000002,0.30000000000000004,0.0,2.3000000000000003,2.3000000000000003,2.0535714285714284,0.7321428571428572,1.657142857142857,8.333333333333334
2026-09-15T12:00:00,2026-09-18T03:00:00,63,12.75,79.75,0.0,0.014000000000000002,0.0,0.0,0.04,0.04,0.3508771929824561,0.12280701754385966,0.2824561403508772,8.333333333333334
2026-09-15T12:00:00,2026-09-18T03:00:00,63,12.75,80.0,0.0,0.08,0.0,0.0,0.25,0.25,1.3888888888888888,0.4444444444444445,1.1055555555555554,29.166666666666668
2026-09-15T12:00:00,2026-09-18T03:00:00,63,12.75,80.25,0.0,0.096,0.0,0.0,0.31,0.31,1.5816326530612244,0.4897959183673469,1.254081632653061,33.333333333333336
2026-09-15T12:00:00,2026-09-18T03:00:00,63,12.75,80.5,0.0,0.032,0.0,0.0,0.1,0.1,0.7575757575757576,0.24242424242424243,0.603030303030303,16.666666666666668
2026-09-15T12:00:00,2026-09-18T03:00:00,63,12.75,80.75,0.0,0.21600000000000003,0.0,0.0,1.0,1.0,3.164556962025316,0.6835443037974683,2.4202531645569616,70.83333333333333
2026-09-15T12:00:00,2026-09-18T03:00:00,63,13.0,79.75,0.0,0.041999999999999996,0.0,0.0,0.19,0.19,1.3380281690140843,0.2957746478873239,1.025352112676056,25.0
2026-09-15T12:00:00,2026-09-18T03:00:00,63,13.0,80.0,0.0,0.202,0.0,0.0,0.86,0.86,2.8476821192052975,0.6688741721854304,2.194039735099337,62.5
2026-09-15T12:00:00,2026-09-18T03:00:00,63,13.0,80.25,0.0,0.244,0.0,0.0,1.03,1.03,2.9941860465116283,0.7093023255813954,2.3087209302325586,66.66666666666667
2026-09-15T12:00:00,2026-09-18T03:00:00,63,13.0,80.5,0.0,0.0,0.0,0.0,0.0,0.0,0.0,0.0,0.0,0.0
2026-09-15T12:00:00,2026-09-18T03:00:00,63,13.0,80.75,0.0,0.038,0.03,0.0,0.1,0.1,0.7246376811594203,0.27536231884057966,0.589855072463768,12.5
2026-09-15T12:00:00,2026-09-18T03:00:00,63,13.25,79.75,0.0,0.074,0.1,0.0,0.16,0.16,0.9195402298850576,0.4252873563218391,0.771264367816092,20.833333333333332
2026-09-15T12:00:00,2026-09-18T03:00:00,63,13.25,80.0,0.0,0.354,0.1,0.0,1.06,1.06,2.334801762114538,0.7797356828193833,1.8682819383259914,41.666666666666664
2026-09-15T12:00:00,2026-09-18T03:00:00,63,13.25,80.25,0.0,0.394,0.0,0.0,1.24,1.24,2.5101214574898787,0.7975708502024292,1.9963562753036437,54.166666666666664
2026-09-15T12:00:00,2026-09-18T03:00:00,63,13.25,80.5,0.0,0.0,0.0,0.0,0.0,0.0,0.0,0.0,0.0,0.0
2026-09-15T12:00:00,2026-09-18T03:00:00,63,13.25,80.75,0.0,0.11600000000000002,0.0,0.0,0.55,0.55,2.5462962962962963,0.5370370370370371,1.9435185185185184,50.0
2026-09-15T12:00:00,2026-09-18T03:00:00,63,13.5,79.75,0.0,0.10800000000000001,0.0,0.0,0.52,0.52,2.5,0.5192307692307693,1.9057692307692307,45.833333333333336
2026-09-15T12:00:00,2026-09-18T03:00:00,63,13.5,80.0,0.0,0.5780000000000001,0.0,0.0,2.7600000000000002,2.7600000000000002,4.070796460176991,0.8525073746312685,3.1053097345132743,83.33333333333333
2026-09-15T12:00:00,2026-09-18T03:00:00,63,13.5,80.25,0.0,0.678,0.0,0.0,3.24,3.24,4.16452442159383,0.8714652956298201,3.1766066838046267,87.5
2026-09-15T12:00:00,2026-09-18T03:00:00,63,13.5,80.5,0.0,0.052000000000000005,0.0,0.0,0.26,0.26,1.7105263157894735,0.3421052631578947,1.2999999999999998,37.5
2026-09-15T12:00:00,2026-09-18T03:00:00,63,13.5,80.75,0.0,0.508,0.0,0.0,2.4,2.4,3.9473684210526314,0.8355263157894737,3.013815789473684,79.16666666666667
2026-09-15T12:00:00,2026-09-18T03:00:00,63,13.75,79.75,0.0,0.126,0.0,0.0,0.63,0.63,2.7876106194690267,0.5575221238938053,2.11858407079646,58.333333333333336
2026-09-15T12:00:00,2026-09-18T03:00:00,63,13.75,80.0,0.0,0.572,0.0,0.0,2.85,2.85,4.241071428571429,0.8511904761904762,3.224107142857143,91.66666666666667
2026-09-15T12:00:00,2026-09-18T03:00:00,63,13.75,80.25,0.0,0.734,0.0,0.0,3.66,3.66,4.388489208633094,0.8800959232613909,3.3359712230215828,95.83333333333333
2026-09-15T12:00:00,2026-09-18T03:00:00,63,13.75,80.5,0.0,0.25,0.0,0.0,1.25,1.25,3.5714285714285716,0.7142857142857143,2.7142857142857144,75.0
2026-09-15T12:00:00,2026-09-18T03:00:00,63,13.75,80.75,0.0,1.236,0.0,0.0,5.92,5.92,4.431137724550898,0.9251497005988023,3.3793413173652693,100.0
2026-09-15T12:00:00,2026-09-18T06:00:00,66,12.75,79.75,0.0,0.0,0.0,0.0,0.0,0.0,0.0,0.0,0.0,0.0
2026-09-15T12:00:00,2026-09-18T06:00:00,66,12.75,80.0,0.0,0.08,0.0,0.0,0.30000000000000004,0.30000000000000004,1.666666666666667,0.4444444444444445,1.3,33.333333333333336
2026-09-15T12:00:00,2026-09-18T06:00:00,66,12.75,80.25,0.0,0.1,0.0,0.0,0.30000000000000004,0.30000000000000004,1.5000000000000002,0.5,1.2,29.166666666666668
2026-09-15T12:00:00,2026-09-18T06:00:00,66,12.75,80.5,0.0,0.04,0.0,0.0,0.1,0.1,0.7142857142857143,0.2857142857142857,0.5857142857142857,12.5
2026-09-15T12:00:00,2026-09-18T06:00:00,66,12.75,80.75,0.0,0.26,0.1,0.0,1.0,1.0,2.7777777777777777,0.7222222222222223,2.161111111111111,62.5
2026-09-15T12:00:00,2026-09-18T06:00:00,66,13.0,79.75,0.0,0.04,0.0,0.0,0.2,0.2,1.4285714285714286,0.2857142857142857,1.0857142857142856,25.0
2026-09-15T12:00:00,2026-09-18T06:00:00,66,13.0,80.0,0.0,0.22000000000000003,0.0,0.0,0.9,0.9,2.8124999999999996,0.6875,2.1749999999999994,66.66666666666667
2026-09-15T12:00:00,2026-09-18T06:00:00,66,13.0,80.25,0.0,0.24,0.0,0.0,1.0,1.0,2.9411764705882355,0.7058823529411765,2.270588235294118,70.83333333333333
2026-09-15T12:00:00,2026-09-18T06:00:00,66,13.0,80.5,0.0,0.0,0.0,0.0,0.0,0.0,0.0,0.0,0.0,0.0
2026-09-15T12:00:00,2026-09-18T06:00:00,66,13.0,80.75,0.0,0.04,0.0,0.0,0.1,0.1,0.7142857142857143,0.2857142857142857,0.5857142857142857,12.5
2026-09-15T12:00:00,2026-09-18T06:00:00,66,13.25,79.75,0.0,0.08,0.1,0.0,0.2,0.2,1.1111111111111112,0.4444444444444445,0.9111111111111111,20.833333333333332
2026-09-15T12:00:00,2026-09-18T06:00:00,66,13.25,80.0,0.0,0.36000000000000004,0.1,0.0,1.1,1.1,2.391304347826087,0.7826086956521738,1.908695652173913,45.833333333333336
2026-09-15T12:00:00,2026-09-18T06:00:00,66,13.25,80.25,0.0,0.38000000000000006,0.0,0.0,1.2000000000000002,1.2000000000000002,2.5,0.7916666666666666,1.9875,50.0
2026-09-15T12:00:00,2026-09-18T06:00:00,66,13.25,80.5,0.0,0.0,0.0,0.0,0.0,0.0,0.0,0.0,0.0,0.0
2026-09-15T12:00:00,2026-09-18T06:00:00,66,13.25,80.75,0.0,0.12000000000000002,0.0,0.0,0.6000000000000001,0.6000000000000001,2.7272727272727275,0.5454545454545455,2.0727272727272728,54.166666666666664
2026-09-15T12:00:00,2026-09-18T06:00:00,66,13.5,79.75,0.0,0.1,0.0,0.0,0.5,0.5,2.5,0.5,1.9,41.666666666666664
2026-09-15T12:00:00,2026-09-18T06:00:00,66,13.5,80.0,0.0,0.5800000000000001,0.0,0.0,2.8000000000000003,2.8000000000000003,4.11764705882353,0.8529411764705883,3.138235294117647,83.33333333333333
2026-09-15T12:00:00,2026-09-18T06:00:00,66,13.5,80.25,0.0,0.66,0.0,0.0,3.2,3.2,4.2105263157894735,0.868421052631579,3.207894736842105,87.5
2026-09-15T12:00:00,2026-09-18T06:00:00,66,13.5,80.5,0.0,0.06000000000000001,0.0,0.0,0.30000000000000004,0.30000000000000004,1.875,0.375,1.425,37.5
2026-09-15T12:00:00,2026-09-18T06:00:00,66,13.5,80.75,0.0,0.6200000000000001,0.0,0.0,2.9000000000000004,2.9000000000000004,4.027777777777778,0.8611111111111112,3.0777777777777775,79.16666666666667
2026-09-15T12:00:00,2026-09-18T06:00:00,66,13.75,79.75,0.0,0.12000000000000002,0.0,0.0,0.6000000000000001,0.6000000000000001,2.7272727272727275,0.5454545454545455,2.0727272727272728,54.166666666666664
2026-09-15T12:00:00,2026-09-18T06:00:00,66,13.75,80.0,0.0,0.5800000000000001,0.0,0.0,2.9000000000000004,2.9000000000000004,4.264705882352941,0.8529411764705883,3.241176470588235,91.66666666666667
2026-09-15T12:00:00,2026-09-18T06:00:00,66,13.75,80.25,0.0,0.74,0.0,0.0,3.7,3.7,4.404761904761905,0.8809523809523809,3.3476190476190477,95.83333333333333
2026-09-15T12:00:00,2026-09-18T06:00:00,66,13.75,80.5,0.0,0.26,0.0,0.0,1.3,1.3,3.611111111111111,0.7222222222222223,2.7444444444444445,75.0
2026-09-15T12:00:00,2026-09-18T06:00:00,66,13.75,80.75,0.0,1.3800000000000001,0.0,0.0,6.7,6.7,4.527027027027026,0.9324324324324323,3.448648648648648,100.0
2026-09-15T12:00:00,2026-09-18T09:00:00,69,12.75,79.75,0.0,0.0,0.0,0.0,0.0,0.0,0.0,0.0,0.0,0.0
2026-09-15T12:00:00,2026-09-18T09:00:00,69,12.75,80.0,0.0,0.0,0.0,0.0,0.0,0.0,0.0,0.0,0.0,0.0
2026-09-15T12:00:00,2026-09-18T09:00:00,69,12.75,80.25,0.0,0.0,0.0,0.0,0.0,0.0,0.0,0.0,0.0,0.0
2026-09-15T12:00:00,2026-09-18T09:00:00,69,12.75,80.5,0.0,0.0,0.0,0.0,0.0,0.0,0.0,0.0,0.0,0.0
2026-09-15T12:00:00,2026-09-18T09:00:00,69,12.75,80.75,0.0,0.0,0.0,0.0,0.0,0.0,0.0,0.0,0.0,0.0
2026-09-15T12:00:00,2026-09-18T09:00:00,69,13.0,79.75,0.0,0.0,0.0,0.0,0.0,0.0,0.0,0.0,0.0,0.0
2026-09-15T12:00:00,2026-09-18T09:00:00,69,13.0,80.0,0.0,0.0,0.0,0.0,0.0,0.0,0.0,0.0,0.0,0.0
2026-09-15T12:00:00,2026-09-18T09:00:00,69,13.0,80.25,0.0,0.0,0.0,0.0,0.0,0.0,0.0,0.0,0.0,0.0
2026-09-15T12:00:00,2026-09-18T09:00:00,69,13.0,80.5,0.0,0.0,0.0,0.0,0.0,0.0,0.0,0.0,0.0,0.0
2026-09-15T12:00:00,2026-09-18T09:00:00,69,13.0,80.75,0.0,0.0,0.0,0.0,0.0,0.0,0.0,0.0,0.0,0.0
2026-09-15T12:00:00,2026-09-18T09:00:00,69,13.25,79.75,0.0,0.0,0.0,0.0,0.0,0.0,0.0,0.0,0.0,0.0
2026-09-15T12:00:00,2026-09-18T09:00:00,69,13.25,80.0,0.01,0.002,0.0,0.0,0.01,0.01,0.09803921568627451,0.0784313725490196,0.09215686274509803,70.83333333333333
2026-09-15T12:00:00,2026-09-18T09:00:00,69,13.25,80.25,0.01,0.002,0.0,0.0,0.01,0.01,0.09803921568627451,0.0784313725490196,0.09215686274509803,70.83333333333333
2026-09-15T12:00:00,2026-09-18T09:00:00,69,13.25,80.5,0.0,0.0,0.0,0.0,0.0,0.0,0.0,0.0,0.0,0.0
2026-09-15T12:00:00,2026-09-18T09:00:00,69,13.25,80.75,0.0,0.0,0.0,0.0,0.0,0.0,0.0,0.0,0.0,0.0
2026-09-15T12:00:00,2026-09-18T09:00:00,69,13.5,79.75,0.01,0.019999999999999997,0.0,0.0,0.09,0.09,0.75,0.08333333333333331,0.5499999999999999,87.5
2026-09-15T12:00:00,2026-09-18T09:00:00,69,13.5,80.0,0.05,0.014000000000000002,0.0,0.0,0.05,0.05,0.4385964912280702,0.31578947368421056,0.4017543859649123,79.16666666666667
2026-09-15T12:00:00,2026-09-18T09:00:00,69,13.5,80.25,0.07,0.014000000000000002,0.0,0.0,0.07,0.07,0.6140350877192983,0.4912280701754386,0.5771929824561404,91.66666666666667
2026-09-15T12:00:00,2026-09-18T09:00:00,69,13.5,80.5,0.0,0.0,0.0,0.0,0.0,0.0,0.0,0.0,0.0,0.0
2026-09-15T12:00:00,2026-09-18T09:00:00,69,13.5,80.75,0.0,0.0,0.0,0.0,0.0,0.0,0.0,0.0,0.0,0.0
2026-09-15T12:00:00,2026-09-18T09:00:00,69,13.75,79.75,0.01,0.084,0.0,0.0,0.41000000000000003,0.41000000000000003,2.2282608695652177,0.4021739130434783,1.6804347826086958,100.0
2026-09-15T12:00:00,2026-09-18T09:00:00,69,13.75,80.0,0.06,0.028000000000000004,0.0,0.0,0.08,0.08,0.625,0.24999999999999994,0.5125,83.33333333333333
2026-09-15T12:00:00,2026-09-18T09:00:00,69,13.75,80.25,0.07,0.014000000000000002,0.0,0.0,0.07,0.07,0.6140350877192983,0.4912280701754386,0.5771929824561404,91.66666666666667
2026-09-15T12:00:00,2026-09-18T09:00:00,69,13.75,80.5,0.0,0.0,0.0,0.0,0.0,0.0,0.0,0.0,0.0,0.0
2026-09-15T12:00:00,2026-09-18T09:00:00,69,13.75,80.75,0.0,0.0,0.0,0.0,0.0,0.0,0.0,0.0,0.0,0.0
2026-09-15T12:00:00,2026-09-18T12:00:00,72,12.75,79.75,0.0,0.0,0.0,0.0,0.0,0.0,0.0,0.0,0.0,0.0
2026-09-15T12:00:00,2026-09-18T12:00:00,72,12.75,80.0,0.0,0.0,0.0,0.0,0.0,0.0,0.0,0.0,0.0,0.0
2026-09-15T12:00:00,2026-09-18T12:00:00,72,12.75,80.25,0.0,0.0,0.0,0.0,0.0,0.0,0.0,0.0,0.0,0.0
2026-09-15T12:00:00,2026-09-18T12:00:00,72,12.75,80.5,0.0,0.0,0.0,0.0,0.0,0.0,0.0,0.0,0.0,0.0
2026-09-15T12:00:00,2026-09-18T12:00:00,72,12.75,80.75,0.0,0.0,0.0,0.0,0.0,0.0,0.0,0.0,0.0,0.0
2026-09-15T12:00:00,2026-09-18T12:00:00,72,13.0,79.75,0.0,0.0,0.0,0.0,0.0,0.0,0.0,0.0,0.0,0.0
2026-09-15T12:00:00,2026-09-18T12:00:00,72,13.0,80.0,0.0,0.0,0.0,0.0,0.0,0.0,0.0,0.0,0.0,0.0
2026-09-15T12:00:00,2026-09-18T12:00:00,72,13.0,80.25,0.0,0.0,0.0,0.0,0.0,0.0,0.0,0.0,0.0,0.0
2026-09-15T12:00:00,2026-09-18T12:00:00,72,13.0,80.5,0.0,0.0,0.0,0.0,0.0,0.0,0.0,0.0,0.0,0.0
2026-09-15T12:00:00,2026-09-18T12:00:00,72,13.0,80.75,0.0,0.0,0.0,0.0,0.0,0.0,0.0,0.0,0.0,0.0
2026-09-15T12:00:00,2026-09-18T12:00:00,72,13.25,79.75,0.0,0.0,0.0,0.0,0.0,0.0,0.0,0.0,0.0,0.0
2026-09-15T12:00:00,2026-09-18T12:00:00,72,13.25,80.0,0.0,0.0,0.0,0.0,0.0,0.0,0.0,0.0,0.0,0.0
2026-09-15T12:00:00,2026-09-18T12:00:00,72,13.25,80.25,0.0,0.0,0.0,0.0,0.0,0.0,0.0,0.0,0.0,0.0
2026-09-15T12:00:00,2026-09-18T12:00:00,72,13.25,80.5,0.0,0.0,0.0,0.0,0.0,0.0,0.0,0.0,0.0,0.0
2026-09-15T12:00:00,2026-09-18T12:00:00,72,13.25,80.75,0.0,0.0,0.0,0.0,0.0,0.0,0.0,0.0,0.0,0.0
2026-09-15T12:00:00,2026-09-18T12:00:00,72,13.5,79.75,0.0,0.04,0.0,0.0,0.2,0.2,1.4285714285714286,0.2857142857142857,1.0857142857142856,91.66666666666667
2026-09-15T12:00:00,2026-09-18T12:00:00,72,13.5,80.0,0.0,0.04,0.0,0.0,0.1,0.1,0.7142857142857143,0.2857142857142857,0.5857142857142857,79.16666666666667
2026-09-15T12:00:00,2026-09-18T12:00:00,72,13.5,80.25,0.1,0.06000000000000001,0.0,0.0,0.2,0.2,1.2499999999999998,0.24999999999999992,0.9499999999999997,87.5
2026-09-15T12:00:00,2026-09-18T12:00:00,72,13.5,80.5,0.0,0.0,0.0,0.0,0.0,0.0,0.0,0.0,0.0,0.0
2026-09-15T12:00:00,2026-09-18T12:00:00,72,13.5,80.75,0.0,0.0,0.0,0.0,0.0,0.0,0.0,0.0,0.0,0.0
2026-09-15T12:00:00,2026-09-18T12:00:00,72,13.75,79.75,0.0,0.24000000000000005,0.0,0.0,1.2000000000000002,1.2000000000000002,3.5294117647058822,0.7058823529411764,2.6823529411764704,100.0
2026-09-15T12:00:00,2026-09-18T12:00:00,72,13.75,80.0,0.0,0.08,0.0,0.0,0.30000000000000004,0.30000000000000004,1.666666666666667,0.4444444444444445,1.3,95.83333333333333
2026-09-15T12:00:00,2026-09-18T12:00:00,72,13.75,80.25,0.0,0.02,0.0,0.0,0.1,0.1,0.8333333333333333,0.16666666666666666,0.6333333333333333,83.33333333333333
2026-09-15T12:00:00,2026-09-18T12:00:00,72,13.75,80.5,0.0,0.0,0.0,0.0,0.0,0.0,0.0,0.0,0.0,0.0
2026-09-15T12:00:00,2026-09-18T12:00:00,72,13.75,80.75,0.0,0.0,0.0,0.0,0.0,0.0,0.0,0.0,0.0,0.0
