forecast_issue_time,target_time,forecast_time_hours,control_forecast,ensemble_mean,ensemble_median,ensemble_min,ensemble_max,ensemble_spread,bust_probability,predicted_bust,risk_level,diagnosis,primary_signal,recommendation
2000-01-01,2000-01-01 03:00:00,0,0.19,0.19,0.19,0.19,0.19,0.0,0.1222,0,LOW,WEAK BUST SIGNAL,Weak bust signal,No dominant forecast disagreement was identified. Continue normal monitoring.
2000-01-01,2000-01-01 09:00:00,6,0.1,0.04,0.0,0.0,0.1,0.1,0.0658,0,LOW,WEAK BUST SIGNAL,Weak bust signal,No dominant forecast disagreement was identified. Continue normal monitoring.
2000-01-01,2000-01-01 15:00:00,12,0.03,0.01,0.0,0.0,0.03,0.03,0.0794,0,LOW,WEAK BUST SIGNAL,Weak bust signal,No dominant forecast disagreement was identified. Continue normal monitoring.
2000-01-01,2000-01-01 21:00:00,18,0.13,0.066,0.1,0.0,0.13,0.13,0.1878,0,LOW,WEAK BUST SIGNAL,Weak bust signal,No dominant forecast disagreement was identified. Continue normal monitoring.
2000-01-01,2000-01-02 03:00:00,24,0.1,0.08,0.1,0.0,0.2,0.2,0.1491,0,LOW,WEAK BUST SIGNAL,Weak bust signal,No dominant forecast disagreement was identified. Continue normal monitoring.
2000-01-01,2000-01-02 09:00:00,30,0.01,0.086,0.01,0.0,0.29,0.29,0.0208,0,LOW,WEAK BUST SIGNAL,Weak bust signal,No dominant forecast disagreement was identified. Continue normal monitoring.
2000-01-01,2000-01-02 15:00:00,36,0.0,0.074,0.0,0.0,0.37,0.37,0.0148,0,LOW,WEAK BUST SIGNAL,Weak bust signal,No dominant forecast disagreement was identified. Continue normal monitoring.
2000-01-01,2000-01-02 21:00:00,42,0.0,0.0,0.0,0.0,0.0,0.0,0.007,0,LOW,WEAK BUST SIGNAL,Weak bust signal,No dominant forecast disagreement was identified. Continue normal monitoring.
2000-01-01,2000-01-03 03:00:00,48,0.0,0.0,0.0,0.0,0.0,0.0,0.007,0,LOW,WEAK BUST SIGNAL,Weak bust signal,No dominant forecast disagreement was identified. Continue normal monitoring.
2000-01-01,2000-01-03 09:00:00,54,0.0,0.052000000000000005,0.0,0.0,0.26,0.26,0.0124,0,LOW,WEAK BUST SIGNAL,Weak bust signal,No dominant forecast disagreement was identified. Continue normal monitoring.
2000-01-01,2000-01-03 15:00:00,60,0.0,0.0,0.0,0.0,0.0,0.0,0.0077,0,LOW,WEAK BUST SIGNAL,Weak bust signal,No dominant forecast disagreement was identified. Continue normal monitoring.
2000-01-01,2000-01-03 21:00:00,66,0.0,0.0,0.0,0.0,0.0,0.0,0.0077,0,LOW,WEAK BUST SIGNAL,Weak bust signal,No dominant forecast disagreement was identified. Continue normal monitoring.
2000-01-01,2000-01-04 03:00:00,72,0.0,0.0,0.0,0.0,0.0,0.0,0.0074,0,LOW,WEAK BUST SIGNAL,Weak bust signal,No dominant forecast disagreement was identified. Continue normal monitoring.
2000-01-01,2000-01-04 09:00:00,78,0.0,0.004,0.0,0.0,0.02,0.02,0.0157,0,LOW,WEAK BUST SIGNAL,Weak bust signal,No dominant forecast disagreement was identified. Continue normal monitoring.
2000-01-01,2000-01-04 15:00:00,84,0.0,0.0,0.0,0.0,0.0,0.0,0.0154,0,LOW,WEAK BUST SIGNAL,Weak bust signal,No dominant forecast disagreement was identified. Continue normal monitoring.
2000-01-01,2000-01-04 21:00:00,90,0.0,0.0,0.0,0.0,0.0,0.0,0.0138,0,LOW,WEAK BUST SIGNAL,Weak bust signal,No dominant forecast disagreement was identified. Continue normal monitoring.
2000-01-01,2000-01-05 03:00:00,96,0.0,0.0,0.0,0.0,0.0,0.0,0.0134,0,LOW,WEAK BUST SIGNAL,Weak bust signal,No dominant forecast disagreement was identified. Continue normal monitoring.
2000-01-01,2000-01-05 09:00:00,102,0.0,0.0,0.0,0.0,0.0,0.0,0.014,0,LOW,WEAK BUST SIGNAL,Weak bust signal,No dominant forecast disagreement was identified. Continue normal monitoring.
2000-01-01,2000-01-05 15:00:00,108,0.0,0.0,0.0,0.0,0.0,0.0,0.0096,0,LOW,WEAK BUST SIGNAL,Weak bust signal,No dominant forecast disagreement was identified. Continue normal monitoring.
2000-01-01,2000-01-05 21:00:00,114,0.0,0.0,0.0,0.0,0.0,0.0,0.0096,0,LOW,WEAK BUST SIGNAL,Weak bust signal,No dominant forecast disagreement was identified. Continue normal monitoring.
2000-01-01,2000-01-06 03:00:00,120,0.0,0.0,0.0,0.0,0.0,0.0,0.0096,0,LOW,WEAK BUST SIGNAL,Weak bust signal,No dominant forecast disagreement was identified. Continue normal monitoring.
2000-01-01,2000-01-06 09:00:00,126,0.0,0.46399999999999997,0.0,0.0,2.32,2.32,0.0632,0,LOW,MODERATE ENSEMBLE UNCERTAINTY,Moderate ensemble disagreement,Consider ensemble spread when assessing forecast confidence.
2000-01-01,2000-01-06 15:00:00,132,0.0,0.098,0.0,0.0,0.49,0.49,0.0087,0,LOW,WEAK BUST SIGNAL,Weak bust signal,No dominant forecast disagreement was identified. Continue normal monitoring.
2000-01-01,2000-01-06 21:00:00,138,0.0,0.03,0.0,0.0,0.15,0.15,0.0158,0,LOW,WEAK BUST SIGNAL,Weak bust signal,No dominant forecast disagreement was identified. Continue normal monitoring.
2000-01-01,2000-01-07 03:00:00,144,0.0,1.6400000000000001,0.0,0.0,8.200000000000001,8.200000000000001,0.1281,0,LOW,POSSIBLE MISSED EVENT,Ensemble consensus substantially exceeds control forecast,Consider the possibility of an underestimated rainfall event and review the ensemble guidance.
2000-01-01,2000-01-07 09:00:00,150,0.0,0.726,0.0,0.0,3.6,3.6,0.0711,0,LOW,MODERATE ENSEMBLE UNCERTAINTY,Moderate ensemble disagreement,Consider ensemble spread when assessing forecast confidence.
2000-01-01,2000-01-07 15:00:00,156,0.0,0.030000000000000006,0.0,0.0,0.1,0.1,0.0391,0,LOW,WEAK BUST SIGNAL,Weak bust signal,No dominant forecast disagreement was identified. Continue normal monitoring.
2000-01-01,2000-01-07 21:00:00,162,0.0,0.12200000000000003,0.0,0.0,0.6000000000000001,0.6000000000000001,0.0205,0,LOW,WEAK BUST SIGNAL,Weak bust signal,No dominant forecast disagreement was identified. Continue normal monitoring.
2000-01-01,2000-01-08 03:00:00,168,0.0,0.22800000000000004,0.0,0.0,1.1,1.1,0.1836,0,LOW,WEAK BUST SIGNAL,Weak bust signal,No dominant forecast disagreement was identified. Continue normal monitoring.
2000-01-01,2000-01-08 09:00:00,174,0.01,0.12400000000000003,0.04,0.0,0.52,0.52,0.0268,0,LOW,WEAK BUST SIGNAL,Weak bust signal,No dominant forecast disagreement was identified. Continue normal monitoring.
2000-01-01,2000-01-08 15:00:00,180,0.0,0.06,0.0,0.0,0.3,0.3,0.0057,0,LOW,WEAK BUST SIGNAL,Weak bust signal,No dominant forecast disagreement was identified. Continue normal monitoring.
2000-01-01,2000-01-08 21:00:00,186,0.0,0.49000000000000005,0.0,0.0,2.45,2.45,0.0804,0,LOW,MODERATE ENSEMBLE UNCERTAINTY,Moderate ensemble disagreement,Consider ensemble spread when assessing forecast confidence.
2000-01-01,2000-01-09 03:00:00,192,0.0,1.862,2.1,0.0,3.71,3.71,0.0955,0,LOW,POSSIBLE MISSED EVENT,Ensemble consensus substantially exceeds control forecast,Consider the possibility of an underestimated rainfall event and review the ensemble guidance.
2000-01-01,2000-01-09 09:00:00,198,0.0,1.6440000000000001,0.75,0.0,4.67,4.67,0.0677,0,LOW,POSSIBLE MISSED EVENT,Ensemble consensus substantially exceeds control forecast,Consider the possibility of an underestimated rainfall event and review the ensemble guidance.
2000-01-01,2000-01-09 15:00:00,204,0.0,1.56,0.4,0.0,5.5,5.5,0.2842,0,LOW,POSSIBLE MISSED EVENT,Ensemble consensus substantially exceeds control forecast,Consider the possibility of an underestimated rainfall event and review the ensemble guidance.
2000-01-01,2000-01-09 21:00:00,210,0.0,0.388,0.02,0.0,1.42,1.42,0.0089,0,LOW,WEAK BUST SIGNAL,Weak bust signal,No dominant forecast disagreement was identified. Continue normal monitoring.
2000-01-01,2000-01-10 03:00:00,216,0.0,3.2960000000000003,0.0,0.0,15.78,15.78,0.8138,1,HIGH,POSSIBLE MISSED EVENT,Ensemble consensus substantially exceeds control forecast,Consider the possibility of an underestimated rainfall event and review the ensemble guidance.
2000-01-01,2000-01-10 09:00:00,222,0.0,4.25,0.0,0.0,21.0,21.0,0.2505,0,LOW,POSSIBLE MISSED EVENT,Ensemble consensus substantially exceeds control forecast,Consider the possibility of an underestimated rainfall event and review the ensemble guidance.
2000-01-01,2000-01-10 15:00:00,228,0.0,2.6599999999999997,0.0,0.0,13.2,13.2,0.2305,0,LOW,POSSIBLE MISSED EVENT,Ensemble consensus substantially exceeds control forecast,Consider the possibility of an underestimated rainfall event and review the ensemble guidance.
2000-01-01,2000-01-10 21:00:00,234,0.0,1.238,0.0,0.0,5.26,5.26,0.1736,0,LOW,POSSIBLE MISSED EVENT,Ensemble consensus substantially exceeds control forecast,Consider the possibility of an underestimated rainfall event and review the ensemble guidance.
