location,latitude,longitude,forecast_issue_time,target_time,forecast_time_hours,start_step_hours,end_step_hours,control_forecast,ensemble_mean,ensemble_median,ensemble_min,ensemble_max,ensemble_spread,observed_rainfall_mm,control_error,ensemble_mean_error,absolute_control_error,absolute_ensemble_mean_error,event_significant,bust,bust_type,month,season,control_vs_ensemble,relative_spread,ensemble_range_ratio,forecast_intensity,bust_probability,predicted_bust
Chennai,13.0827,80.2707,2000-08-22,2000-08-22 03:00:00,0,0,3,0.0,0.0,0.0,0.0,0.0,0.0,1.2521743774414062,-1.2521743774414062,-1.2521743774414062,1.2521743774414062,1.2521743774414062,True,0,normal,8,monsoon,0.0,0.0,0.0,0.0,0.038218882,0
Chennai,13.0827,80.2707,2000-08-22,2000-08-22 09:00:00,6,6,9,0.9,0.34,0.2,0.0,0.9,0.9,0.4925727844238281,0.4074272155761719,-0.1525727844238281,0.4074272155761719,0.1525727844238281,False,0,normal,8,monsoon,0.56,2.0454545454545454,2.0454545454545454,0.34,0.4333417,0
Chennai,13.0827,80.2707,2000-08-22,2000-08-22 15:00:00,12,12,15,1.3,0.42,0.2,0.0,1.3,1.3,0.4305839538574219,0.8694160461425782,-0.0105839538574218,0.8694160461425782,0.0105839538574218,True,0,normal,8,monsoon,0.8800000000000001,2.5,2.5,0.42,0.2550934,0
Chennai,13.0827,80.2707,2000-08-22,2000-08-22 21:00:00,18,18,21,0.01,1.036,0.1,0.0,4.9,4.9,0.0762939453125,-0.0662939453125,0.9597060546875,0.0662939453125,0.9597060546875,False,0,normal,8,monsoon,-1.026,4.313380281690141,4.313380281690141,1.036,0.08898344,0
Chennai,13.0827,80.2707,2000-08-22,2000-08-23 03:00:00,24,24,27,0.0,0.596,0.0,0.0,2.5,2.5,0.0042915344238281,-0.0042915344238281,0.5917084655761718,0.0042915344238281,0.5917084655761718,False,0,normal,8,monsoon,-0.596,3.591954022988506,3.591954022988506,0.596,0.029094884,0
Chennai,13.0827,80.2707,2000-08-22,2000-08-23 09:00:00,30,30,33,0.0,0.018,0.0,0.0,0.09,0.09,0.0853538513183593,-0.0853538513183593,-0.0673538513183593,0.0853538513183593,0.0673538513183593,False,0,normal,8,monsoon,-0.018,0.7627118644067796,0.7627118644067796,0.018,0.063394696,0
Chennai,13.0827,80.2707,2000-08-22,2000-08-23 15:00:00,36,36,39,0.0,0.0,0.0,0.0,0.0,0.0,0.0,0.0,0.0,0.0,0.0,False,0,normal,8,monsoon,0.0,0.0,0.0,0.0,0.03353584,0
Chennai,13.0827,80.2707,2000-08-22,2000-08-23 21:00:00,42,42,45,1.43,0.548,0.51,0.0,1.43,1.43,0.0042915344238281,1.4257084655761718,0.5437084655761719,1.4257084655761718,0.5437084655761719,True,0,normal,8,monsoon,0.8819999999999999,2.20679012345679,2.20679012345679,0.548,0.5377849,1
Chennai,13.0827,80.2707,2000-08-22,2000-08-24 03:00:00,48,48,51,0.02,0.16,0.02,0.0,0.6000000000000001,0.6000000000000001,0.7524490356445312,-0.7324490356445312,-0.5924490356445312,0.7324490356445312,0.5924490356445312,False,0,normal,8,monsoon,-0.14,2.307692307692308,2.307692307692308,0.16,0.031226711,0
Chennai,13.0827,80.2707,2000-08-22,2000-08-24 09:00:00,54,54,57,0.0,0.004,0.0,0.0,0.02,0.02,0.0958442687988281,-0.0958442687988281,-0.0918442687988281,0.0958442687988281,0.0918442687988281,False,0,normal,8,monsoon,-0.004,0.1923076923076923,0.1923076923076923,0.004,0.0887422,0
Chennai,13.0827,80.2707,2000-08-22,2000-08-24 15:00:00,60,60,63,0.08,0.736,0.08,0.0,3.0,3.0,1.7175674438476562,-1.6375674438476562,-0.9815674438476564,1.6375674438476562,0.9815674438476564,True,1,missed_event,8,monsoon,-0.656,3.5885167464114835,3.5885167464114835,0.736,0.07605864,0
Chennai,13.0827,80.2707,2000-08-22,2000-08-24 21:00:00,66,66,69,0.02,0.51,0.33,0.0,1.2000000000000002,1.2000000000000002,0.0,0.02,0.51,0.02,0.51,False,0,normal,8,monsoon,-0.49,1.9672131147540988,1.9672131147540988,0.51,0.04154568,0
Chennai,13.0827,80.2707,2000-08-22,2000-08-25 03:00:00,72,72,75,0.0,0.0,0.0,0.0,0.0,0.0,0.0,0.0,0.0,0.0,0.0,False,0,normal,8,monsoon,0.0,0.0,0.0,0.0,0.030330792,0
Chennai,13.0827,80.2707,2000-08-22,2000-08-25 09:00:00,78,78,81,0.0,0.1,0.0,0.0,0.4,0.4,0.0,0.0,0.1,0.0,0.1,False,0,normal,8,monsoon,-0.1,2.0,2.0,0.1,0.044167083,0
Chennai,13.0827,80.2707,2000-08-22,2000-08-25 15:00:00,84,84,87,1.3,0.52,0.5,0.0,1.3,1.3,0.6132125854492188,0.6867874145507813,-0.0932125854492187,0.6867874145507813,0.0932125854492187,True,0,normal,8,monsoon,0.78,2.096774193548387,2.096774193548387,0.52,0.63989526,1
Chennai,13.0827,80.2707,2000-08-22,2000-08-25 21:00:00,90,90,93,0.0,0.0,0.0,0.0,0.0,0.0,0.0009536743164062,-0.0009536743164062,-0.0009536743164062,0.0009536743164062,0.0009536743164062,False,0,normal,8,monsoon,0.0,0.0,0.0,0.0,0.0628081,0
Chennai,13.0827,80.2707,2000-08-22,2000-08-26 03:00:00,96,96,99,0.0,0.08,0.0,0.0,0.4,0.4,0.1187324523925781,-0.1187324523925781,-0.038732452392578,0.1187324523925781,0.038732452392578,False,0,normal,8,monsoon,-0.08,2.2222222222222223,2.2222222222222223,0.08,0.061862316,0
Chennai,13.0827,80.2707,2000-08-22,2000-08-26 09:00:00,102,102,105,0.0,0.0199999999999999,0.0,0.0,0.09,0.09,0.0,0.0,0.0199999999999999,0.0,0.0199999999999999,False,0,normal,8,monsoon,-0.0199999999999999,0.7500000000000006,0.7500000000000006,0.0199999999999999,0.26596552,0
Chennai,13.0827,80.2707,2000-08-22,2000-08-26 15:00:00,108,108,111,2.19,1.7920000000000005,1.23,0.54,4.0,3.46,0.0019073486328125,2.1880926513671874,1.790092651367188,2.1880926513671874,1.790092651367188,True,1,false_alarm,8,monsoon,0.3979999999999994,1.8287526427061305,1.8287526427061305,1.7920000000000005,0.9885725,1
Chennai,13.0827,80.2707,2000-08-22,2000-08-26 21:00:00,114,114,117,0.0,0.514,0.2,0.0,1.98,1.98,0.0,0.0,0.514,0.0,0.514,False,0,normal,8,monsoon,-0.514,3.224755700325733,3.224755700325733,0.514,0.027384277,0
Chennai,13.0827,80.2707,2000-08-22,2000-08-27 03:00:00,120,120,123,0.0,0.08,0.0,0.0,0.4,0.4,0.0,0.0,0.08,0.0,0.08,False,0,normal,8,monsoon,-0.08,2.2222222222222223,2.2222222222222223,0.08,0.056842014,0
Chennai,13.0827,80.2707,2000-08-22,2000-08-27 09:00:00,126,126,129,0.0,0.24,0.0,0.0,1.2,1.2,0.0,0.0,0.24,0.0,0.24,False,0,normal,8,monsoon,-0.24,3.5294117647058827,3.5294117647058827,0.24,0.062254045,0
Chennai,13.0827,80.2707,2000-08-22,2000-08-27 15:00:00,132,132,135,0.44,0.9200000000000002,0.44,0.0,3.2,3.2,0.0,0.44,0.9200000000000002,0.44,0.9200000000000002,False,0,normal,8,monsoon,-0.4800000000000001,3.137254901960784,3.137254901960784,0.9200000000000002,0.49282247,0
Chennai,13.0827,80.2707,2000-08-22,2000-08-27 21:00:00,138,138,141,1.47,0.818,0.11,0.0,2.51,2.51,0.0,1.47,0.818,1.47,0.818,True,0,normal,8,monsoon,0.652,2.734204793028322,2.734204793028322,0.818,0.61359024,1
Chennai,13.0827,80.2707,2000-08-22,2000-08-28 03:00:00,144,144,147,0.0,0.0,0.0,0.0,0.0,0.0,0.0,0.0,0.0,0.0,0.0,False,0,normal,8,monsoon,0.0,0.0,0.0,0.0,0.085583344,0
Chennai,13.0827,80.2707,2000-08-22,2000-08-28 09:00:00,150,150,153,0.0,0.0,0.0,0.0,0.0,0.0,0.0333786010742187,-0.0333786010742187,-0.0333786010742187,0.0333786010742187,0.0333786010742187,False,0,normal,8,monsoon,0.0,0.0,0.0,0.0,0.08816292,0
Chennai,13.0827,80.2707,2000-08-22,2000-08-28 15:00:00,156,156,159,0.8,0.8380000000000001,0.8,0.5,1.49,0.99,2.3040771484375,-1.5040771484375,-1.4660771484375,1.5040771484375,1.4660771484375,True,1,missed_event,8,monsoon,-0.038,1.0554371002132197,1.0554371002132197,0.8380000000000001,0.87485224,1
Chennai,13.0827,80.2707,2000-08-22,2000-08-28 21:00:00,162,162,165,0.0,1.0420000000000005,0.01,0.0,5.1000000000000005,5.1000000000000005,0.0,0.0,1.0420000000000005,0.0,1.0420000000000005,False,0,normal,8,monsoon,-1.0420000000000005,4.465849387040279,4.465849387040279,1.0420000000000005,0.006206925,0
Chennai,13.0827,80.2707,2000-08-22,2000-08-29 03:00:00,168,168,171,0.0,0.0,0.0,0.0,0.0,0.0,0.0,0.0,0.0,0.0,0.0,False,0,normal,8,monsoon,0.0,0.0,0.0,0.0,0.0113591915,0
Chennai,13.0827,80.2707,2000-08-22,2000-08-29 09:00:00,174,174,177,0.7000000000000001,0.42,0.3,0.0,1.0,1.0,0.0772476196289062,0.6227523803710939,0.3427523803710938,0.6227523803710939,0.3427523803710938,False,0,normal,8,monsoon,0.2800000000000001,1.923076923076923,1.923076923076923,0.42,0.05634765,0
Chennai,13.0827,80.2707,2000-08-22,2000-08-29 15:00:00,180,180,183,0.0,1.2,0.43,0.0,4.2700000000000005,4.2700000000000005,0.8306503295898438,-0.8306503295898438,0.3693496704101562,0.8306503295898438,0.3693496704101562,False,0,normal,8,monsoon,-1.2,3.284615384615385,3.284615384615385,1.2,0.028312782,0
Chennai,13.0827,80.2707,2000-08-22,2000-08-29 21:00:00,186,186,189,0.7000000000000001,0.36,0.3,0.0,0.8,0.8,0.0,0.7000000000000001,0.36,0.7000000000000001,0.36,False,0,normal,8,monsoon,0.3400000000000001,1.7391304347826089,1.7391304347826089,0.36,0.012069428,0
Chennai,13.0827,80.2707,2000-08-22,2000-08-30 03:00:00,192,192,195,0.0,0.02,0.0,0.0,0.1,0.1,0.0,0.0,0.02,0.0,0.02,False,0,normal,8,monsoon,-0.02,0.8333333333333333,0.8333333333333333,0.02,0.0065470976,0
Chennai,13.0827,80.2707,2000-08-22,2000-08-30 09:00:00,198,198,201,0.0,0.06,0.0,0.0,0.3,0.3,0.0,0.0,0.06,0.0,0.06,False,0,normal,8,monsoon,-0.06,1.875,1.875,0.06,0.0070513682,0
Chennai,13.0827,80.2707,2000-08-22,2000-08-30 15:00:00,204,204,207,0.0,0.76,0.1,0.0,2.0,2.0,0.0123977661132812,-0.0123977661132812,0.7476022338867188,0.0123977661132812,0.7476022338867188,False,0,normal,8,monsoon,-0.76,2.3255813953488373,2.3255813953488373,0.76,0.0026767435,0
Chennai,13.0827,80.2707,2000-08-22,2000-08-30 21:00:00,210,210,213,0.0,0.28,0.0,0.0,1.3,1.3,0.003814697265625,-0.003814697265625,0.276185302734375,0.003814697265625,0.276185302734375,False,0,normal,8,monsoon,-0.28,3.421052631578948,3.421052631578948,0.28,0.0051781526,0
Chennai,13.0827,80.2707,2000-08-22,2000-08-31 03:00:00,216,216,219,0.0,0.22,0.0,0.0,0.7000000000000001,0.7000000000000001,0.0,0.0,0.22,0.0,0.22,False,0,normal,8,monsoon,-0.22,2.1875,2.1875,0.22,0.008342036,0
Chennai,13.0827,80.2707,2000-08-22,2000-08-31 09:00:00,222,222,225,0.0,1.732,0.05,0.0,8.11,8.11,0.0033378601074218,-0.0033378601074218,1.728662139892578,0.0033378601074218,1.728662139892578,False,0,normal,8,monsoon,-1.732,4.426855895196506,4.426855895196506,1.732,0.008864142,0
Chennai,13.0827,80.2707,2000-08-22,2000-08-31 15:00:00,228,228,231,1.5,1.516,0.1,0.0,5.9,5.9,0.0,1.5,1.516,1.5,1.516,True,0,normal,8,monsoon,-0.016,3.650990099009901,3.650990099009901,1.516,0.14684927,0
Chennai,13.0827,80.2707,2000-08-22,2000-08-31 21:00:00,234,234,237,0.0,0.68,0.0,0.0,3.3000000000000003,3.3000000000000003,0.0,0.0,0.68,0.0,0.68,False,0,normal,8,monsoon,-0.68,4.230769230769231,4.230769230769231,0.68,0.0047137477,0
Chennai,13.0827,80.2707,2000-09-09,2000-09-09 03:00:00,0,0,3,0.8,0.8,0.8,0.8,0.8,0.0,0.0,0.8,0.8,0.8,0.8,False,0,normal,9,monsoon,0.0,0.0,0.0,0.8,0.15284824,0
Chennai,13.0827,80.2707,2000-09-09,2000-09-09 09:00:00,6,6,9,0.0,0.16,0.0,0.0,0.8,0.8,0.0004768371582031,-0.0004768371582031,0.1595231628417969,0.0004768371582031,0.1595231628417969,False,0,normal,9,monsoon,-0.16,3.076923076923077,3.076923076923077,0.16,0.024843698,0
Chennai,13.0827,80.2707,2000-09-09,2000-09-09 15:00:00,12,12,15,0.37,0.154,0.0,0.0,0.4,0.4,0.0,0.37,0.154,0.37,0.154,False,0,normal,9,monsoon,0.216,1.5748031496062993,1.5748031496062993,0.154,0.016903285,0
Chennai,13.0827,80.2707,2000-09-09,2000-09-09 21:00:00,18,18,21,0.01,0.882,0.0,0.0,4.4,4.4,0.0166893005371093,-0.0066893005371092,0.8653106994628907,0.0066893005371092,0.8653106994628907,False,0,normal,9,monsoon,-0.872,4.480651731160896,4.480651731160896,0.882,0.08261418,0
Chennai,13.0827,80.2707,2000-09-09,2000-09-10 03:00:00,24,24,27,0.0,0.4,0.0,0.0,2.0,2.0,0.0,0.0,0.4,0.0,0.4,False,0,normal,9,monsoon,-0.4,4.0,4.0,0.4,0.03186524,0
Chennai,13.0827,80.2707,2000-09-09,2000-09-10 09:00:00,30,30,33,0.0,0.0,0.0,0.0,0.0,0.0,0.0,0.0,0.0,0.0,0.0,False,0,normal,9,monsoon,0.0,0.0,0.0,0.0,0.025035977,0
Chennai,13.0827,80.2707,2000-09-09,2000-09-10 15:00:00,36,36,39,0.0,0.04,0.0,0.0,0.1,0.1,0.1177787780761718,-0.1177787780761718,-0.0777787780761718,0.1177787780761718,0.0777787780761718,False,0,normal,9,monsoon,-0.04,0.7142857142857143,0.7142857142857143,0.04,0.1878034,0
Chennai,13.0827,80.2707,2000-09-09,2000-09-10 21:00:00,42,42,45,1.0,2.56,1.0,0.0,9.0,9.0,0.0014305114746093,0.9985694885253908,2.5585694885253907,0.9985694885253908,2.5585694885253907,True,0,normal,9,monsoon,-1.56,3.3834586466165413,3.3834586466165413,2.56,0.8499999,1
Chennai,13.0827,80.2707,2000-09-09,2000-09-11 03:00:00,48,48,51,0.0,0.16,0.0,0.0,0.7000000000000001,0.7000000000000001,0.0,0.0,0.16,0.0,0.16,False,0,normal,9,monsoon,-0.16,2.6923076923076925,2.6923076923076925,0.16,0.04512467,0
Chennai,13.0827,80.2707,2000-09-09,2000-09-11 09:00:00,54,54,57,0.0,0.0,0.0,0.0,0.0,0.0,0.0,0.0,0.0,0.0,0.0,False,0,normal,9,monsoon,0.0,0.0,0.0,0.0,0.031467065,0
Chennai,13.0827,80.2707,2000-09-09,2000-09-11 15:00:00,60,60,63,0.0,0.27,0.1,0.0,1.0,1.0,0.4639625549316406,-0.4639625549316406,-0.1939625549316406,0.4639625549316406,0.1939625549316406,False,0,normal,9,monsoon,-0.27,2.702702702702702,2.702702702702702,0.27,0.056316115,0
Chennai,13.0827,80.2707,2000-09-09,2000-09-11 21:00:00,66,66,69,0.18,1.336,0.2,0.1,5.0,4.9,0.0095367431640625,0.1704632568359375,1.3264632568359376,0.1704632568359375,1.3264632568359376,False,0,normal,9,monsoon,-1.156,3.4122562674094707,3.4122562674094707,1.336,0.100861475,0
Chennai,13.0827,80.2707,2000-09-09,2000-09-12 03:00:00,72,72,75,0.0,0.408,0.0,0.0,1.9,1.9,0.0,0.0,0.408,0.0,0.408,False,0,normal,9,monsoon,-0.408,3.74015748031496,3.74015748031496,0.408,0.029001595,0
Chennai,13.0827,80.2707,2000-09-09,2000-09-12 09:00:00,78,78,81,0.25,0.05,0.0,0.0,0.25,0.25,0.0224113464355468,0.2275886535644532,0.0275886535644532,0.2275886535644532,0.0275886535644532,False,0,normal,9,monsoon,0.2,1.6666666666666663,1.6666666666666663,0.05,0.027211977,0
Chennai,13.0827,80.2707,2000-09-09,2000-09-12 15:00:00,84,84,87,1.25,0.43,0.2,0.1,1.25,1.15,0.0448226928710937,1.2051773071289062,0.3851773071289063,1.2051773071289062,0.3851773071289063,True,0,normal,9,monsoon,0.8200000000000001,2.1698113207547167,2.1698113207547167,0.43,0.5260115,1
Chennai,13.0827,80.2707,2000-09-09,2000-09-12 21:00:00,90,90,93,1.84,2.444,1.84,0.01,7.800000000000001,7.790000000000001,0.0,1.84,2.444,1.84,2.444,True,1,false_alarm,9,monsoon,-0.6039999999999999,3.062106918238994,3.062106918238994,2.444,0.9726734,1
Chennai,13.0827,80.2707,2000-09-09,2000-09-13 03:00:00,96,96,99,0.0,0.114,0.0,0.0,0.5700000000000001,0.5700000000000001,0.0,0.0,0.114,0.0,0.114,False,0,normal,9,monsoon,-0.114,2.663551401869159,2.663551401869159,0.114,0.06391004,0
Chennai,13.0827,80.2707,2000-09-09,2000-09-13 09:00:00,102,102,105,0.0,0.22,0.0,0.0,0.6000000000000001,0.6000000000000001,0.0085830688476562,-0.0085830688476562,0.2114169311523438,0.0085830688476562,0.2114169311523438,False,0,normal,9,monsoon,-0.22,1.875,1.875,0.22,0.09771801,0
Chennai,13.0827,80.2707,2000-09-09,2000-09-13 15:00:00,108,108,111,0.5,0.1,0.0,0.0,0.5,0.5,0.0,0.5,0.1,0.5,0.1,False,0,normal,9,monsoon,0.4,2.5,2.5,0.1,0.059135433,0
Chennai,13.0827,80.2707,2000-09-09,2000-09-13 21:00:00,114,114,117,0.5,0.8959999999999999,0.5,0.0,3.28,3.28,0.0066757202148437,0.4933242797851563,0.8893242797851562,0.4933242797851563,0.8893242797851562,False,0,normal,9,monsoon,-0.3959999999999999,3.2931726907630523,3.2931726907630523,0.8959999999999999,0.7351417,1
Chennai,13.0827,80.2707,2000-09-09,2000-09-14 03:00:00,120,120,123,1.1,0.782,0.6000000000000001,0.0,2.2,2.2,0.0066757202148437,1.0933242797851563,0.7753242797851563,1.0933242797851563,0.7753242797851563,True,0,normal,9,monsoon,0.318,2.4943310657596376,2.4943310657596376,0.782,0.713316,1
Chennai,13.0827,80.2707,2000-09-09,2000-09-14 09:00:00,126,126,129,0.0,0.1,0.0,0.0,0.5,0.5,0.0014305114746093,-0.0014305114746093,0.0985694885253907,0.0014305114746093,0.0985694885253907,False,0,normal,9,monsoon,-0.1,2.5,2.5,0.1,0.058733992,0
Chennai,13.0827,80.2707,2000-09-09,2000-09-14 15:00:00,132,132,135,1.5,0.48,0.3,0.0,1.5,1.5,0.0,1.5,0.48,1.5,0.48,True,0,normal,9,monsoon,1.02,2.586206896551724,2.586206896551724,0.48,0.59216607,1
Chennai,13.0827,80.2707,2000-09-09,2000-09-14 21:00:00,138,138,141,0.65,1.848,1.39,0.4,3.8,3.4,0.0,0.65,1.848,0.65,1.848,False,0,normal,9,monsoon,-1.198,1.7453798767967144,1.7453798767967144,1.848,0.71602964,1
Chennai,13.0827,80.2707,2000-09-09,2000-09-15 03:00:00,144,144,147,0.05,0.13,0.0,0.0,0.6000000000000001,0.6000000000000001,0.0,0.05,0.13,0.05,0.13,False,0,normal,9,monsoon,-0.08,2.608695652173913,2.608695652173913,0.13,0.0525678,0
Chennai,13.0827,80.2707,2000-09-09,2000-09-15 09:00:00,150,150,153,0.0,0.002,0.0,0.0,0.01,0.01,0.0171661376953125,-0.0171661376953125,-0.0151661376953125,0.0171661376953125,0.0151661376953125,False,0,normal,9,monsoon,-0.002,0.0980392156862745,0.0980392156862745,0.002,0.062366784,0
Chennai,13.0827,80.2707,2000-09-09,2000-09-15 15:00:00,156,156,159,0.41,0.362,0.0,0.0,1.4,1.4,0.0,0.41,0.362,0.41,0.362,False,0,normal,9,monsoon,0.0479999999999999,3.0303030303030303,3.0303030303030303,0.362,0.2683819,0
Chennai,13.0827,80.2707,2000-09-09,2000-09-15 21:00:00,162,162,165,0.5,0.4800000000000001,0.5,0.0,1.1,1.1,0.7829666137695312,-0.2829666137695312,-0.3029666137695311,0.2829666137695312,0.3029666137695311,False,0,normal,9,monsoon,0.0199999999999999,1.896551724137931,1.896551724137931,0.4800000000000001,0.23670705,0
Chennai,13.0827,80.2707,2000-09-09,2000-09-16 03:00:00,168,168,171,0.0,0.0,0.0,0.0,0.0,0.0,0.0,0.0,0.0,0.0,0.0,False,0,normal,9,monsoon,0.0,0.0,0.0,0.0,0.0113591915,0
Chennai,13.0827,80.2707,2000-09-09,2000-09-16 09:00:00,174,174,177,0.0,0.02,0.0,0.0,0.1,0.1,0.2450942993164062,-0.2450942993164062,-0.2250942993164062,0.2450942993164062,0.2250942993164062,False,0,normal,9,monsoon,-0.02,0.8333333333333333,0.8333333333333333,0.02,0.0065470976,0
Chennai,13.0827,80.2707,2000-09-09,2000-09-16 15:00:00,180,180,183,0.05,0.192,0.05,0.0,0.51,0.51,0.1816749572753906,-0.1316749572753905,0.0103250427246094,0.1316749572753905,0.0103250427246094,False,0,normal,9,monsoon,-0.142,1.7465753424657533,1.7465753424657533,0.192,0.0062585045,0
Chennai,13.0827,80.2707,2000-09-09,2000-09-16 21:00:00,186,186,189,2.3000000000000003,1.6200000000000003,0.5,0.0,5.300000000000001,5.300000000000001,6.508827209472656,-4.208827209472656,-4.888827209472656,4.208827209472656,4.888827209472656,True,1,magnitude_error,9,monsoon,0.6799999999999999,3.081395348837209,3.081395348837209,1.6200000000000003,0.9672043,1
Chennai,13.0827,80.2707,2000-09-09,2000-09-17 03:00:00,192,192,195,0.09,0.998,0.09,0.0,4.6000000000000005,4.6000000000000005,0.00762939453125,0.08237060546875,0.99037060546875,0.08237060546875,0.99037060546875,False,0,normal,9,monsoon,-0.908,4.189435336976321,4.189435336976321,0.998,0.013832541,0
Chennai,13.0827,80.2707,2000-09-09,2000-09-17 09:00:00,198,198,201,0.0,0.18,0.0,0.0,0.9,0.9,0.06103515625,-0.06103515625,0.11896484375,0.06103515625,0.11896484375,False,0,normal,9,monsoon,-0.18,3.214285714285714,3.214285714285714,0.18,0.07765034,0
Chennai,13.0827,80.2707,2000-09-09,2000-09-17 15:00:00,204,204,207,0.5,0.6,0.3,0.0,2.2,2.2,0.0,0.5,0.6,0.5,0.6,False,0,normal,9,monsoon,-0.0999999999999999,3.1428571428571432,3.1428571428571432,0.6,0.042313363,0
Chennai,13.0827,80.2707,2000-09-09,2000-09-17 21:00:00,210,210,213,1.53,0.466,0.0,0.0,1.53,1.53,0.7758140563964844,0.7541859436035157,-0.3098140563964843,0.7541859436035157,0.3098140563964843,True,0,normal,9,monsoon,1.064,2.703180212014134,2.703180212014134,0.466,0.0866923,0
Chennai,13.0827,80.2707,2000-09-09,2000-09-18 03:00:00,216,216,219,0.0,0.86,0.0,0.0,3.9,3.9,0.0,0.0,0.86,0.0,0.86,False,0,normal,9,monsoon,-0.86,4.0625,4.0625,0.86,0.0041895844,0
Chennai,13.0827,80.2707,2000-09-09,2000-09-18 09:00:00,222,222,225,0.35,0.0699999999999999,0.0,0.0,0.35,0.35,0.9822845458984376,-0.6322845458984376,-0.9122845458984375,0.6322845458984376,0.9122845458984375,False,0,normal,9,monsoon,0.2800000000000001,2.058823529411766,2.058823529411766,0.0699999999999999,0.005135129,0
Chennai,13.0827,80.2707,2000-09-09,2000-09-18 15:00:00,228,228,231,1.17,1.244,1.17,0.0,2.6,2.6,3.1943321228027344,-2.0243321228027344,-1.9503321228027344,2.0243321228027344,1.9503321228027344,True,1,magnitude_error,9,monsoon,-0.074,1.934523809523809,1.934523809523809,1.244,0.4714382,0
Chennai,13.0827,80.2707,2000-09-09,2000-09-18 21:00:00,234,234,237,2.44,1.114,0.8,0.0,2.44,2.44,0.1397132873535156,2.3002867126464843,0.9742867126464844,2.3002867126464843,0.9742867126464844,True,1,false_alarm,9,monsoon,1.3259999999999998,2.0098846787479405,2.0098846787479405,1.114,0.96815586,1
Chennai,13.0827,80.2707,2000-09-27,2000-09-27 03:00:00,0,0,3,0.0,0.0,0.0,0.0,0.0,0.0,0.6422996520996094,-0.6422996520996094,-0.6422996520996094,0.6422996520996094,0.6422996520996094,False,0,normal,9,monsoon,0.0,0.0,0.0,0.0,0.038218882,0
Chennai,13.0827,80.2707,2000-09-27,2000-09-27 09:00:00,6,6,9,0.0,0.04,0.0,0.0,0.2,0.2,0.0958442687988281,-0.0958442687988281,-0.055844268798828,0.0958442687988281,0.055844268798828,False,0,normal,9,monsoon,-0.04,1.4285714285714286,1.4285714285714286,0.04,0.029878926,0
Chennai,13.0827,80.2707,2000-09-27,2000-09-27 15:00:00,12,12,15,0.0,0.0,0.0,0.0,0.0,0.0,0.0624656677246093,-0.0624656677246093,-0.0624656677246093,0.0624656677246093,0.0624656677246093,False,0,normal,9,monsoon,0.0,0.0,0.0,0.0,0.03819063,0
Chennai,13.0827,80.2707,2000-09-27,2000-09-27 21:00:00,18,18,21,0.24,0.788,0.24,0.0,3.1,3.1,1.590251922607422,-1.350251922607422,-0.8022519226074221,1.350251922607422,0.8022519226074221,True,0,normal,9,monsoon,-0.548,3.490990990990991,3.490990990990991,0.788,0.0791133,0
Chennai,13.0827,80.2707,2000-09-27,2000-09-28 03:00:00,24,24,27,0.4,0.544,0.06,0.0,2.24,2.24,0.0162124633789062,0.3837875366210938,0.5277875366210938,0.3837875366210938,0.5277875366210938,False,0,normal,9,monsoon,-0.144,3.4782608695652177,3.4782608695652177,0.544,0.33384725,0
Chennai,13.0827,80.2707,2000-09-27,2000-09-28 09:00:00,30,30,33,0.01,0.002,0.0,0.0,0.01,0.01,0.0066757202148437,0.0033242797851563,-0.0046757202148437,0.0033242797851563,0.0046757202148437,False,0,normal,9,monsoon,0.008,0.0980392156862745,0.0980392156862745,0.002,0.036608815,0
Chennai,13.0827,80.2707,2000-09-27,2000-09-28 15:00:00,36,36,39,0.0,0.0,0.0,0.0,0.0,0.0,0.0028610229492187,-0.0028610229492187,-0.0028610229492187,0.0028610229492187,0.0028610229492187,False,0,normal,9,monsoon,0.0,0.0,0.0,0.0,0.03353584,0
Chennai,13.0827,80.2707,2000-09-27,2000-09-28 21:00:00,42,42,45,3.4000000000000004,1.63,1.2000000000000002,0.4,3.4000000000000004,3.0000000000000004,1.2140274047851562,2.185972595214844,0.4159725952148436,2.185972595214844,0.4159725952148436,True,1,magnitude_error,9,monsoon,1.7700000000000005,1.7341040462427748,1.7341040462427748,1.63,0.9923086,1
Chennai,13.0827,80.2707,2000-09-27,2000-09-29 03:00:00,48,48,51,0.02,0.044,0.0,0.0,0.2,0.2,0.0457763671875,-0.0257763671875,-0.0017763671875,0.0257763671875,0.0017763671875,False,0,normal,9,monsoon,-0.0239999999999999,1.3888888888888888,1.3888888888888888,0.044,0.037811995,0
Chennai,13.0827,80.2707,2000-09-27,2000-09-29 09:00:00,54,54,57,0.0,0.028,0.0,0.0,0.1,0.1,0.0557899475097656,-0.0557899475097656,-0.0277899475097655,0.0557899475097656,0.0277899475097655,False,0,normal,9,monsoon,-0.028,0.78125,0.78125,0.028,0.18719415,0
Chennai,13.0827,80.2707,2000-09-27,2000-09-29 15:00:00,60,60,63,2.16,0.8320000000000001,0.5,0.0,2.16,2.16,3.3512115478515625,-1.1912115478515624,-2.519211547851562,1.1912115478515624,2.519211547851562,True,0,normal,9,monsoon,1.328,2.3175965665236054,2.3175965665236054,0.8320000000000001,0.9902682,1
Chennai,13.0827,80.2707,2000-09-27,2000-09-29 21:00:00,66,66,69,4.67,4.502000000000001,4.67,1.5,6.24,4.74,0.0,4.67,4.502000000000001,4.67,4.502000000000001,True,1,false_alarm,9,monsoon,0.1679999999999992,1.029986962190352,1.029986962190352,4.502000000000001,0.9670032,1
Chennai,13.0827,80.2707,2000-09-27,2000-09-30 03:00:00,72,72,75,1.03,1.8080000000000005,1.03,0.0,4.91,4.91,0.0,1.03,1.8080000000000005,1.03,1.8080000000000005,True,0,normal,9,monsoon,-0.7780000000000005,2.5733752620545065,2.5733752620545065,1.8080000000000005,0.6096124,1
Chennai,13.0827,80.2707,2000-09-27,2000-09-30 09:00:00,78,78,81,1.01,0.202,0.0,0.0,1.01,1.01,8.583545684814453,-7.573545684814453,-8.381545684814453,7.573545684814453,8.381545684814453,True,1,magnitude_error,9,monsoon,0.808,3.344370860927152,3.344370860927152,0.202,0.5800097,1
Chennai,13.0827,80.2707,2000-09-27,2000-09-30 15:00:00,84,84,87,0.0,0.458,0.0,0.0,1.99,1.99,8.62264633178711,-8.62264633178711,-8.16464633178711,8.62264633178711,8.16464633178711,True,1,missed_event,9,monsoon,-0.458,3.5663082437275984,3.5663082437275984,0.458,0.03537252,0
Chennai,13.0827,80.2707,2000-09-27,2000-09-30 21:00:00,90,90,93,8.75,3.03,2.9000000000000004,0.0,8.75,8.75,0.0033378601074218,8.746662139892578,3.026662139892578,8.746662139892578,3.026662139892578,True,1,false_alarm,9,monsoon,5.720000000000001,2.7955271565495208,2.7955271565495208,3.03,0.9941849,1
Chennai,13.0827,80.2707,2000-09-27,2000-10-01 03:00:00,96,96,99,2.4,3.576,2.4,0.0,11.1,11.1,0.0805854797363281,2.319414520263672,3.495414520263672,2.319414520263672,3.495414520263672,True,1,false_alarm,10,post_monsoon,-1.1760000000000002,3.0195865070729053,3.0195865070729053,3.576,0.9857956,1
Chennai,13.0827,80.2707,2000-09-27,2000-10-01 09:00:00,102,102,105,0.0,1.08,0.0,0.0,4.6000000000000005,4.6000000000000005,0.4591941833496094,-0.4591941833496094,0.6208058166503907,0.4591941833496094,0.6208058166503907,False,0,normal,10,post_monsoon,-1.08,3.8983050847457625,3.8983050847457625,1.08,0.04758276,0
Chennai,13.0827,80.2707,2000-09-27,2000-10-01 15:00:00,108,108,111,0.0,0.13,0.0,0.0,0.37,0.37,0.0934600830078125,-0.0934600830078125,0.0365399169921875,0.0934600830078125,0.0365399169921875,False,0,normal,10,post_monsoon,-0.13,1.6086956521739129,1.6086956521739129,0.13,0.07433084,0
Chennai,13.0827,80.2707,2000-09-27,2000-10-01 21:00:00,114,114,117,0.32,3.216,2.11,0.0,7.35,7.35,0.1540184020996093,0.1659815979003907,3.061981597900391,0.1659815979003907,3.061981597900391,False,0,normal,10,post_monsoon,-2.8960000000000004,2.2165259348612785,2.2165259348612785,3.216,0.68950564,1
Chennai,13.0827,80.2707,2000-09-27,2000-10-02 03:00:00,120,120,123,2.4000000000000004,2.248,2.4000000000000004,0.0,4.3,4.3,0.0,2.4000000000000004,2.248,2.4000000000000004,2.248,True,1,false_alarm,10,post_monsoon,0.1520000000000001,1.8313458262350932,1.8313458262350932,2.248,0.9886304,1
Chennai,13.0827,80.2707,2000-09-27,2000-10-02 09:00:00,126,126,129,1.0,0.56,0.1,0.0,1.6,1.6,0.1506805419921875,0.8493194580078125,0.4093194580078125,0.8493194580078125,0.4093194580078125,True,0,normal,10,post_monsoon,0.4399999999999999,2.4242424242424243,2.4242424242424243,0.56,0.3737841,0
Chennai,13.0827,80.2707,2000-09-27,2000-10-02 15:00:00,132,132,135,0.54,0.786,0.5,0.0,2.7,2.7,4.4460296630859375,-3.9060296630859375,-3.6600296630859375,3.9060296630859375,3.6600296630859375,True,1,missed_event,10,post_monsoon,-0.246,3.0474040632054176,3.0474040632054176,0.786,0.6038013,1
Chennai,13.0827,80.2707,2000-09-27,2000-10-02 21:00:00,138,138,141,3.95,1.6200000000000003,0.94,0.0,3.95,3.95,0.00762939453125,3.94237060546875,1.6123706054687503,3.94237060546875,1.6123706054687503,True,1,false_alarm,10,post_monsoon,2.33,2.2965116279069764,2.2965116279069764,1.6200000000000003,0.9941592,1
Chennai,13.0827,80.2707,2000-09-27,2000-10-03 03:00:00,144,144,147,3.87,1.2600000000000002,0.23,0.0,3.87,3.87,0.3976821899414062,3.472317810058594,0.862317810058594,3.472317810058594,0.862317810058594,True,1,false_alarm,10,post_monsoon,2.61,2.845588235294117,2.845588235294117,1.2600000000000002,0.9926791,1
Chennai,13.0827,80.2707,2000-09-27,2000-10-03 09:00:00,150,150,153,2.39,2.018,0.36,0.0,7.2,7.2,0.2951622009277344,2.0948377990722657,1.7228377990722654,2.0948377990722657,1.7228377990722654,True,1,false_alarm,10,post_monsoon,0.3720000000000003,3.39943342776204,3.39943342776204,2.018,0.98418736,1
Chennai,13.0827,80.2707,2000-09-27,2000-10-03 15:00:00,156,156,159,17.6,3.95,0.0,0.0,17.6,17.6,0.0715255737304687,17.528474426269533,3.878474426269531,17.528474426269533,3.878474426269531,True,1,false_alarm,10,post_monsoon,13.650000000000002,4.34567901234568,4.34567901234568,3.95,0.99088365,1
Chennai,13.0827,80.2707,2000-09-27,2000-10-03 21:00:00,162,162,165,0.87,0.494,0.5,0.0,1.1,1.1,0.3256797790527344,0.5443202209472656,0.1683202209472656,0.5443202209472656,0.1683202209472656,False,0,normal,10,post_monsoon,0.376,1.851851851851852,1.851851851851852,0.494,0.24242823,0
Chennai,13.0827,80.2707,2000-09-27,2000-10-04 03:00:00,168,168,171,0.0,0.0,0.0,0.0,0.0,0.0,0.1678466796875,-0.1678466796875,-0.1678466796875,0.1678466796875,0.1678466796875,False,0,normal,10,post_monsoon,0.0,0.0,0.0,0.0,0.0113591915,0
Chennai,13.0827,80.2707,2000-09-27,2000-10-04 09:00:00,174,174,177,0.02,0.48,0.01,0.0,2.37,2.37,0.1974105834960937,-0.1774105834960937,0.2825894165039063,0.1774105834960937,0.2825894165039063,False,0,normal,10,post_monsoon,-0.4599999999999999,4.086206896551724,4.086206896551724,0.48,0.016601576,0
Chennai,13.0827,80.2707,2000-09-27,2000-10-04 15:00:00,180,180,183,0.0,0.8400000000000001,0.0,0.0,4.0,4.0,0.0066757202148437,-0.0066757202148437,0.8333242797851563,0.0066757202148437,0.8333242797851563,False,0,normal,10,post_monsoon,-0.8400000000000001,4.25531914893617,4.25531914893617,0.8400000000000001,0.0038453247,0
Chennai,13.0827,80.2707,2000-09-27,2000-10-04 21:00:00,186,186,189,6.8500000000000005,1.7040000000000002,0.7000000000000001,0.0,6.8500000000000005,6.8500000000000005,4.477024078369141,2.37297592163086,-2.7730240783691404,2.37297592163086,2.7730240783691404,True,1,magnitude_error,10,post_monsoon,5.146000000000001,3.797117516629712,3.797117516629712,1.7040000000000002,0.9726846,1
Chennai,13.0827,80.2707,2000-09-27,2000-10-05 03:00:00,192,192,195,0.0,0.402,0.01,0.0,1.8,1.8,2.151012420654297,-2.151012420654297,-1.7490124206542967,2.151012420654297,1.7490124206542967,True,1,missed_event,10,post_monsoon,-0.402,3.585657370517928,3.585657370517928,0.402,0.0054937117,0
Chennai,13.0827,80.2707,2000-09-27,2000-10-05 09:00:00,198,198,201,0.0,0.02,0.0,0.0,0.1,0.1,1.35040283203125,-1.35040283203125,-1.33040283203125,1.35040283203125,1.33040283203125,True,0,normal,10,post_monsoon,-0.02,0.8333333333333333,0.8333333333333333,0.02,0.0065470976,0
Chennai,13.0827,80.2707,2000-09-27,2000-10-05 15:00:00,204,204,207,0.0,0.0,0.0,0.0,0.0,0.0,0.0014305114746093,-0.0014305114746093,-0.0014305114746093,0.0014305114746093,0.0014305114746093,False,0,normal,10,post_monsoon,0.0,0.0,0.0,0.0,0.0113591915,0
Chennai,13.0827,80.2707,2000-09-27,2000-10-05 21:00:00,210,210,213,1.55,0.33,0.0,0.0,1.55,1.55,6.613254547119141,-5.063254547119141,-6.2832545471191406,5.063254547119141,6.2832545471191406,True,1,magnitude_error,10,post_monsoon,1.22,3.6046511627906974,3.6046511627906974,0.33,0.17474745,0
Chennai,13.0827,80.2707,2000-09-27,2000-10-06 03:00:00,216,216,219,0.02,1.128,0.02,0.0,4.72,4.72,0.0147819519042968,0.0052180480957032,1.113218048095703,0.0052180480957032,1.113218048095703,False,0,normal,10,post_monsoon,-1.108,3.8436482084690553,3.8436482084690553,1.128,0.024239333,0
Chennai,13.0827,80.2707,2000-09-27,2000-10-06 09:00:00,222,222,225,3.51,0.702,0.0,0.0,3.51,3.51,0.2291202545166015,3.2808797454833982,0.4728797454833984,3.2808797454833982,0.4728797454833984,True,1,false_alarm,10,post_monsoon,2.808,4.376558603491272,4.376558603491272,0.702,0.8560547,1
Chennai,13.0827,80.2707,2000-09-27,2000-10-06 15:00:00,228,228,231,0.5,0.12,0.0,0.0,0.5,0.5,2.0270347595214844,-1.5270347595214844,-1.9070347595214845,1.5270347595214844,1.9070347595214845,True,1,missed_event,10,post_monsoon,0.38,2.272727272727273,2.272727272727273,0.12,0.005812041,0
Chennai,13.0827,80.2707,2000-09-27,2000-10-06 21:00:00,234,234,237,2.63,0.546,0.0,0.0,2.63,2.63,0.7700920104980469,1.859907989501953,-0.2240920104980468,1.859907989501953,0.2240920104980468,True,1,false_alarm,10,post_monsoon,2.084,4.071207430340557,4.071207430340557,0.546,0.8743714,1
Chennai,13.0827,80.2707,2000-10-15,2000-10-15 03:00:00,0,0,3,0.0,0.0,0.0,0.0,0.0,0.0,0.0,0.0,0.0,0.0,0.0,False,0,normal,10,post_monsoon,0.0,0.0,0.0,0.0,0.038218882,0
Chennai,13.0827,80.2707,2000-10-15,2000-10-15 09:00:00,6,6,9,0.0,0.0,0.0,0.0,0.0,0.0,0.0,0.0,0.0,0.0,0.0,False,0,normal,10,post_monsoon,0.0,0.0,0.0,0.0,0.036984976,0
Chennai,13.0827,80.2707,2000-10-15,2000-10-15 15:00:00,12,12,15,0.0,0.0,0.0,0.0,0.0,0.0,0.0,0.0,0.0,0.0,0.0,False,0,normal,10,post_monsoon,0.0,0.0,0.0,0.0,0.03819063,0
Chennai,13.0827,80.2707,2000-10-15,2000-10-15 21:00:00,18,18,21,0.0,0.0,0.0,0.0,0.0,0.0,0.0,0.0,0.0,0.0,0.0,False,0,normal,10,post_monsoon,0.0,0.0,0.0,0.0,0.25447884,0
Chennai,13.0827,80.2707,2000-10-15,2000-10-16 03:00:00,24,24,27,0.0,0.0,0.0,0.0,0.0,0.0,0.0019073486328125,-0.0019073486328125,-0.0019073486328125,0.0019073486328125,0.0019073486328125,False,0,normal,10,post_monsoon,0.0,0.0,0.0,0.0,0.025035977,0
Chennai,13.0827,80.2707,2000-10-15,2000-10-16 09:00:00,30,30,33,0.0,0.456,0.0,0.0,2.08,2.08,0.0128746032714843,-0.0128746032714843,0.4431253967285157,0.0128746032714843,0.4431253967285157,False,0,normal,10,post_monsoon,-0.456,3.741007194244604,3.741007194244604,0.456,0.03606683,0
Chennai,13.0827,80.2707,2000-10-15,2000-10-16 15:00:00,36,36,39,0.08,0.102,0.0,0.0,0.43,0.43,0.0,0.08,0.102,0.08,0.102,False,0,normal,10,post_monsoon,-0.0219999999999999,2.1287128712871284,2.1287128712871284,0.102,0.033366356,0
Chennai,13.0827,80.2707,2000-10-15,2000-10-16 21:00:00,42,42,45,1.16,1.138,0.04,0.0,4.49,4.49,0.0295639038085937,1.1304360961914062,1.1084360961914062,1.1304360961914062,1.1084360961914062,True,0,normal,10,post_monsoon,0.022,3.6268174474959616,3.6268174474959616,1.138,0.5639112,1
Chennai,13.0827,80.2707,2000-10-15,2000-10-17 03:00:00,48,48,51,0.0,0.0,0.0,0.0,0.0,0.0,0.0224113464355468,-0.0224113464355468,-0.0224113464355468,0.0224113464355468,0.0224113464355468,False,0,normal,10,post_monsoon,0.0,0.0,0.0,0.0,0.0311782,0
Chennai,13.0827,80.2707,2000-10-15,2000-10-17 09:00:00,54,54,57,0.0,0.02,0.0,0.0,0.1,0.1,0.0,0.0,0.02,0.0,0.02,False,0,normal,10,post_monsoon,-0.02,0.8333333333333333,0.8333333333333333,0.02,0.029157827,0
Chennai,13.0827,80.2707,2000-10-15,2000-10-17 15:00:00,60,60,63,0.0,0.174,0.0,0.0,0.63,0.63,0.0,0.0,0.174,0.0,0.174,False,0,normal,10,post_monsoon,-0.174,2.2992700729927007,2.2992700729927007,0.174,0.04693363,0
Chennai,13.0827,80.2707,2000-10-15,2000-10-17 21:00:00,66,66,69,0.0,0.042,0.0,0.0,0.2,0.2,0.0,0.0,0.042,0.0,0.042,False,0,normal,10,post_monsoon,-0.042,1.408450704225352,1.408450704225352,0.042,0.054666143,0
Chennai,13.0827,80.2707,2000-10-15,2000-10-18 03:00:00,72,72,75,0.0,0.08,0.0,0.0,0.2,0.2,0.0357627868652343,-0.0357627868652343,0.0442372131347657,0.0357627868652343,0.0442372131347657,False,0,normal,10,post_monsoon,-0.08,1.1111111111111112,1.1111111111111112,0.08,0.05545769,0
Chennai,13.0827,80.2707,2000-10-15,2000-10-18 09:00:00,78,78,81,0.0,0.068,0.0,0.0,0.2,0.2,0.0,0.0,0.068,0.0,0.068,False,0,normal,10,post_monsoon,-0.068,1.1904761904761905,1.1904761904761905,0.068,0.054666143,0
Chennai,13.0827,80.2707,2000-10-15,2000-10-18 15:00:00,84,84,87,0.0,0.062,0.0,0.0,0.21,0.21,0.1592636108398437,-0.1592636108398437,-0.0972636108398437,0.1592636108398437,0.0972636108398437,False,0,normal,10,post_monsoon,-0.062,1.2962962962962965,1.2962962962962965,0.062,0.0876029,0
Chennai,13.0827,80.2707,2000-10-15,2000-10-18 21:00:00,90,90,93,0.0,1.986,0.0,0.0,9.8,9.8,2.734661102294922,-2.734661102294922,-0.7486611022949219,2.734661102294922,0.7486611022949219,True,1,missed_event,10,post_monsoon,-1.986,4.697986577181209,4.697986577181209,1.986,0.06438623,0
Chennai,13.0827,80.2707,2000-10-15,2000-10-19 03:00:00,96,96,99,0.0,0.8,0.0,0.0,4.0,4.0,0.1173019409179687,-0.1173019409179687,0.6826980590820313,0.1173019409179687,0.6826980590820313,False,0,normal,10,post_monsoon,-0.8,4.444444444444445,4.444444444444445,0.8,0.021537766,0
Chennai,13.0827,80.2707,2000-10-15,2000-10-19 09:00:00,102,102,105,0.0,0.04,0.0,0.0,0.2,0.2,0.2093315124511718,-0.2093315124511718,-0.1693315124511717,0.2093315124511718,0.1693315124511717,False,0,normal,10,post_monsoon,-0.04,1.4285714285714286,1.4285714285714286,0.04,0.13948342,0
Chennai,13.0827,80.2707,2000-10-15,2000-10-19 15:00:00,108,108,111,0.0,0.76,0.0,0.0,3.8,3.8,2.209663391113281,-2.209663391113281,-1.4496633911132808,2.209663391113281,1.4496633911132808,True,1,missed_event,10,post_monsoon,-0.76,4.418604651162791,4.418604651162791,0.76,0.024586229,0
Chennai,13.0827,80.2707,2000-10-15,2000-10-19 21:00:00,114,114,117,0.0,0.0,0.0,0.0,0.0,0.0,0.0028610229492187,-0.0028610229492187,-0.0028610229492187,0.0028610229492187,0.0028610229492187,False,0,normal,10,post_monsoon,0.0,0.0,0.0,0.0,0.05906136,0
Chennai,13.0827,80.2707,2000-10-15,2000-10-20 03:00:00,120,120,123,0.0,0.0,0.0,0.0,0.0,0.0,0.0162124633789062,-0.0162124633789062,-0.0162124633789062,0.0162124633789062,0.0162124633789062,False,0,normal,10,post_monsoon,0.0,0.0,0.0,0.0,0.05906136,0
Chennai,13.0827,80.2707,2000-10-15,2000-10-20 09:00:00,126,126,129,0.0,0.002,0.0,0.0,0.01,0.01,0.5393028259277344,-0.5393028259277344,-0.5373028259277344,0.5393028259277344,0.5373028259277344,False,0,normal,10,post_monsoon,-0.002,0.0980392156862745,0.0980392156862745,0.002,0.04380902,0
Chennai,13.0827,80.2707,2000-10-15,2000-10-20 15:00:00,132,132,135,0.0,0.118,0.0,0.0,0.3,0.3,1.884937286376953,-1.884937286376953,-1.7669372863769528,1.884937286376953,1.7669372863769528,True,1,missed_event,10,post_monsoon,-0.118,1.3761467889908257,1.3761467889908257,0.118,0.060429156,0
Chennai,13.0827,80.2707,2000-10-15,2000-10-20 21:00:00,138,138,141,0.0,1.12,0.2,0.0,3.3000000000000003,3.3000000000000003,0.2489089965820312,-0.2489089965820312,0.8710910034179689,0.2489089965820312,0.8710910034179689,False,0,normal,10,post_monsoon,-1.12,2.704918032786885,2.704918032786885,1.12,0.019062482,0
Chennai,13.0827,80.2707,2000-10-15,2000-10-21 03:00:00,144,144,147,0.0,0.16,0.0,0.0,0.5,0.5,0.3962516784667969,-0.3962516784667969,-0.2362516784667968,0.3962516784667969,0.2362516784667968,False,0,normal,10,post_monsoon,-0.16,1.923076923076923,1.923076923076923,0.16,0.060502794,0
Chennai,13.0827,80.2707,2000-10-15,2000-10-21 09:00:00,150,150,153,0.0,0.1339999999999999,0.0,0.0,0.37,0.37,0.2608299255371094,-0.2608299255371094,-0.1268299255371094,0.2608299255371094,0.1268299255371094,False,0,normal,10,post_monsoon,-0.1339999999999999,1.5811965811965818,1.5811965811965818,0.1339999999999999,0.076419376,0
Chennai,13.0827,80.2707,2000-10-15,2000-10-21 15:00:00,156,156,159,0.2,1.42,0.2,0.0,3.8,3.8,0.2593994140625,-0.0593994140624999,1.1606005859375,0.0593994140624999,1.1606005859375,False,0,normal,10,post_monsoon,-1.22,2.5,2.5,1.42,0.13204494,0
Chennai,13.0827,80.2707,2000-10-15,2000-10-21 21:00:00,162,162,165,0.1,0.02,0.0,0.0,0.1,0.1,2.643108367919922,-2.543108367919922,-2.623108367919922,2.543108367919922,2.623108367919922,True,1,missed_event,10,post_monsoon,0.08,0.8333333333333333,0.8333333333333333,0.02,0.0040718988,0
Chennai,13.0827,80.2707,2000-10-15,2000-10-22 03:00:00,168,168,171,0.0,0.0,0.0,0.0,0.0,0.0,0.0166893005371093,-0.0166893005371093,-0.0166893005371093,0.0166893005371093,0.0166893005371093,False,0,normal,10,post_monsoon,0.0,0.0,0.0,0.0,0.0113591915,0
Chennai,13.0827,80.2707,2000-10-15,2000-10-22 09:00:00,174,174,177,0.0,0.7,0.0,0.0,3.5,3.5,1.1396408081054688,-1.1396408081054688,-0.4396408081054688,1.1396408081054688,0.4396408081054688,True,0,normal,10,post_monsoon,-0.7,4.375,4.375,0.7,0.0038453247,0
Chennai,13.0827,80.2707,2000-10-15,2000-10-22 15:00:00,180,180,183,0.09,1.144,0.0,0.0,5.63,5.63,0.1440048217773437,-0.0540048217773437,0.9999951782226562,0.0540048217773437,0.9999951782226562,False,0,normal,10,post_monsoon,-1.0539999999999998,4.52572347266881,4.52572347266881,1.144,0.02387933,0
Chennai,13.0827,80.2707,2000-10-15,2000-10-22 21:00:00,186,186,189,0.03,1.306,0.0,0.0,6.5,6.5,0.0023841857910156,0.0276158142089843,1.3036158142089844,0.0276158142089843,1.3036158142089844,False,0,normal,10,post_monsoon,-1.276,4.623044096728306,4.623044096728306,1.306,0.02387933,0
Chennai,13.0827,80.2707,2000-10-15,2000-10-23 03:00:00,192,192,195,0.0,0.0,0.0,0.0,0.0,0.0,0.0,0.0,0.0,0.0,0.0,False,0,normal,10,post_monsoon,0.0,0.0,0.0,0.0,0.0113591915,0
Chennai,13.0827,80.2707,2000-10-15,2000-10-23 09:00:00,198,198,201,0.0,0.08,0.0,0.0,0.4,0.4,0.0143051147460937,-0.0143051147460937,0.0656948852539063,0.0143051147460937,0.0656948852539063,False,0,normal,10,post_monsoon,-0.08,2.2222222222222223,2.2222222222222223,0.08,0.0070513682,0
Chennai,13.0827,80.2707,2000-10-15,2000-10-23 15:00:00,204,204,207,0.0,0.18,0.0,0.0,0.9,0.9,0.0,0.0,0.18,0.0,0.18,False,0,normal,10,post_monsoon,-0.18,3.214285714285714,3.214285714285714,0.18,0.07765034,0
Chennai,13.0827,80.2707,2000-10-15,2000-10-23 21:00:00,210,210,213,0.0,0.16,0.0,0.0,0.8,0.8,0.0014305114746093,-0.0014305114746093,0.1585694885253907,0.0014305114746093,0.1585694885253907,False,0,normal,10,post_monsoon,-0.16,3.076923076923077,3.076923076923077,0.16,0.007009631,0
Chennai,13.0827,80.2707,2000-10-15,2000-10-24 03:00:00,216,216,219,0.0,0.0,0.0,0.0,0.0,0.0,0.05340576171875,-0.05340576171875,-0.05340576171875,0.05340576171875,0.05340576171875,False,0,normal,10,post_monsoon,0.0,0.0,0.0,0.0,0.012102124,0
Chennai,13.0827,80.2707,2000-10-15,2000-10-24 09:00:00,222,222,225,0.0,0.0,0.0,0.0,0.0,0.0,0.0,0.0,0.0,0.0,0.0,False,0,normal,10,post_monsoon,0.0,0.0,0.0,0.0,0.012102124,0
Chennai,13.0827,80.2707,2000-10-15,2000-10-24 15:00:00,228,228,231,0.0,0.0,0.0,0.0,0.0,0.0,0.0,0.0,0.0,0.0,0.0,False,0,normal,10,post_monsoon,0.0,0.0,0.0,0.0,0.012102124,0
Chennai,13.0827,80.2707,2000-10-15,2000-10-24 21:00:00,234,234,237,0.0,0.0,0.0,0.0,0.0,0.0,0.0,0.0,0.0,0.0,0.0,False,0,normal,10,post_monsoon,0.0,0.0,0.0,0.0,0.01296155,0
Chennai,13.0827,80.2707,2000-11-02,2000-11-02 03:00:00,0,0,3,5.1000000000000005,5.1000000000000005,5.1000000000000005,5.1000000000000005,5.1000000000000005,0.0,0.4191398620605469,4.680860137939454,4.680860137939454,4.680860137939454,4.680860137939454,True,1,false_alarm,11,post_monsoon,0.0,0.0,0.0,5.1000000000000005,0.96478283,1
Chennai,13.0827,80.2707,2000-11-02,2000-11-02 09:00:00,6,6,9,0.0,0.08,0.0,0.0,0.4,0.4,0.2074241638183593,-0.2074241638183593,-0.1274241638183593,0.2074241638183593,0.1274241638183593,False,0,normal,11,post_monsoon,-0.08,2.2222222222222223,2.2222222222222223,0.08,0.02401948,0
Chennai,13.0827,80.2707,2000-11-02,2000-11-02 15:00:00,12,12,15,0.0,0.26,0.0,0.0,1.3,1.3,0.026702880859375,-0.026702880859375,0.233297119140625,0.026702880859375,0.233297119140625,False,0,normal,11,post_monsoon,-0.26,3.611111111111111,3.611111111111111,0.26,0.035619117,0
Chennai,13.0827,80.2707,2000-11-02,2000-11-02 21:00:00,18,18,21,0.0,0.02,0.0,0.0,0.1,0.1,0.225067138671875,-0.225067138671875,-0.205067138671875,0.225067138671875,0.205067138671875,False,0,normal,11,post_monsoon,-0.02,0.8333333333333333,0.8333333333333333,0.02,0.117362686,0
Chennai,13.0827,80.2707,2000-11-02,2000-11-03 03:00:00,24,24,27,0.0,0.576,0.0,0.0,2.48,2.48,0.0967979431152343,-0.0967979431152343,0.4792020568847656,0.0967979431152343,0.4792020568847656,False,0,normal,11,post_monsoon,-0.576,3.6686390532544384,3.6686390532544384,0.576,0.029094884,0
Chennai,13.0827,80.2707,2000-11-02,2000-11-03 09:00:00,30,30,33,0.06,0.068,0.08,0.0,0.1,0.1,0.1902580261230468,-0.1302580261230468,-0.1222580261230467,0.1302580261230468,0.1222580261230467,False,0,normal,11,post_monsoon,-0.008,0.5952380952380952,0.5952380952380952,0.068,0.041922085,0
Chennai,13.0827,80.2707,2000-11-02,2000-11-03 15:00:00,36,36,39,0.0,0.0,0.0,0.0,0.0,0.0,0.1482963562011718,-0.1482963562011718,-0.1482963562011718,0.1482963562011718,0.1482963562011718,False,0,normal,11,post_monsoon,0.0,0.0,0.0,0.0,0.03353584,0
Chennai,13.0827,80.2707,2000-11-02,2000-11-03 21:00:00,42,42,45,0.3,0.52,0.3,0.0,1.4,1.4,0.1082420349121093,0.1917579650878906,0.4117579650878907,0.1917579650878906,0.4117579650878907,False,0,normal,11,post_monsoon,-0.22,2.258064516129032,2.258064516129032,0.52,0.12185995,0
Chennai,13.0827,80.2707,2000-11-02,2000-11-04 03:00:00,48,48,51,0.1,0.386,0.2,0.0,0.8300000000000001,0.8300000000000001,0.5517005920410156,-0.4517005920410156,-0.1657005920410156,0.4517005920410156,0.1657005920410156,False,0,normal,11,post_monsoon,-0.286,1.7078189300411524,1.7078189300411524,0.386,0.039534017,0
Chennai,13.0827,80.2707,2000-11-02,2000-11-04 09:00:00,54,54,57,0.0,0.1,0.0,0.0,0.4,0.4,1.270771026611328,-1.270771026611328,-1.1707710266113278,1.270771026611328,1.1707710266113278,True,0,normal,11,post_monsoon,-0.1,2.0,2.0,0.1,0.045797233,0
Chennai,13.0827,80.2707,2000-11-02,2000-11-04 15:00:00,60,60,63,0.8,0.402,0.5,0.0,0.8,0.8,0.1125335693359375,0.6874664306640625,0.2894664306640625,0.6874664306640625,0.2894664306640625,False,0,normal,11,post_monsoon,0.398,1.5936254980079685,1.5936254980079685,0.402,0.103353016,0
Chennai,13.0827,80.2707,2000-11-02,2000-11-04 21:00:00,66,66,69,1.5,0.6839999999999999,0.5,0.02,1.5,1.48,0.00762939453125,1.49237060546875,0.6763706054687499,1.49237060546875,0.6763706054687499,True,0,normal,11,post_monsoon,0.8160000000000001,1.8877551020408163,1.8877551020408163,0.6839999999999999,0.62804353,1
Chennai,13.0827,80.2707,2000-11-02,2000-11-05 03:00:00,72,72,75,0.0,0.16,0.1,0.0,0.6000000000000001,0.6000000000000001,0.1397132873535156,-0.1397132873535156,0.0202867126464844,0.1397132873535156,0.0202867126464844,False,0,normal,11,post_monsoon,-0.16,2.307692307692308,2.307692307692308,0.16,0.045283705,0
Chennai,13.0827,80.2707,2000-11-02,2000-11-05 09:00:00,78,78,81,0.0,0.094,0.0,0.0,0.47,0.47,0.0486373901367187,-0.0486373901367187,0.0453626098632813,0.0486373901367187,0.0453626098632813,False,0,normal,11,post_monsoon,-0.094,2.422680412371134,2.422680412371134,0.094,0.045657594,0
Chennai,13.0827,80.2707,2000-11-02,2000-11-05 15:00:00,84,84,87,0.13,0.206,0.0,0.0,0.9,0.9,0.0,0.13,0.206,0.13,0.206,False,0,normal,11,post_monsoon,-0.0759999999999999,2.9411764705882355,2.9411764705882355,0.206,0.38147265,0
Chennai,13.0827,80.2707,2000-11-02,2000-11-05 21:00:00,90,90,93,0.99,0.244,0.1,0.0,0.99,0.99,0.0004768371582031,0.9895231628417968,0.2435231628417969,0.9895231628417968,0.2435231628417969,False,0,normal,11,post_monsoon,0.746,2.8779069767441863,2.8779069767441863,0.244,0.8648877,1
Chennai,13.0827,80.2707,2000-11-02,2000-11-06 03:00:00,96,96,99,0.01,0.002,0.0,0.0,0.01,0.01,0.0443458557128906,-0.0343458557128905,-0.0423458557128905,0.0343458557128905,0.0423458557128905,False,0,normal,11,post_monsoon,0.008,0.0980392156862745,0.0980392156862745,0.002,0.11190301,0
Chennai,13.0827,80.2707,2000-11-02,2000-11-06 09:00:00,102,102,105,0.0,0.16,0.0,0.0,0.8,0.8,0.0090599060058593,-0.0090599060058593,0.1509400939941407,0.0090599060058593,0.1509400939941407,False,0,normal,11,post_monsoon,-0.16,3.076923076923077,3.076923076923077,0.16,0.10826324,0
Chennai,13.0827,80.2707,2000-11-02,2000-11-06 15:00:00,108,108,111,0.0,0.16,0.0,0.0,0.8,0.8,0.0009536743164062,-0.0009536743164062,0.1590463256835938,0.0009536743164062,0.1590463256835938,False,0,normal,11,post_monsoon,-0.16,3.076923076923077,3.076923076923077,0.16,0.058837578,0
Chennai,13.0827,80.2707,2000-11-02,2000-11-06 21:00:00,114,114,117,0.01,0.4019999999999999,0.0,0.0,2.0,2.0,0.0171661376953125,-0.0071661376953125,0.3848338623046874,0.0071661376953125,0.3848338623046874,False,0,normal,11,post_monsoon,-0.3919999999999999,3.984063745019921,3.984063745019921,0.4019999999999999,0.20651588,0
Chennai,13.0827,80.2707,2000-11-02,2000-11-07 03:00:00,120,120,123,0.02,0.324,0.02,0.0,1.5,1.5,0.1430511474609375,-0.1230511474609375,0.1809488525390625,0.1230511474609375,0.1809488525390625,False,0,normal,11,post_monsoon,-0.304,3.5377358490566038,3.5377358490566038,0.324,0.15025695,0
Chennai,13.0827,80.2707,2000-11-02,2000-11-07 09:00:00,126,126,129,0.0,0.0,0.0,0.0,0.0,0.0,0.0195503234863281,-0.0195503234863281,-0.0195503234863281,0.0195503234863281,0.0195503234863281,False,0,normal,11,post_monsoon,0.0,0.0,0.0,0.0,0.05906136,0
Chennai,13.0827,80.2707,2000-11-02,2000-11-07 15:00:00,132,132,135,0.0,0.12,0.0,0.0,0.6000000000000001,0.6000000000000001,0.0,0.0,0.12,0.0,0.12,False,0,normal,11,post_monsoon,-0.12,2.7272727272727275,2.7272727272727275,0.12,0.045786563,0
Chennai,13.0827,80.2707,2000-11-02,2000-11-07 21:00:00,138,138,141,0.0,0.386,0.3,0.0,1.3,1.3,0.0233650207519531,-0.0233650207519531,0.3626349792480469,0.0233650207519531,0.3626349792480469,False,0,normal,11,post_monsoon,-0.386,2.674897119341564,2.674897119341564,0.386,0.02363427,0
Chennai,13.0827,80.2707,2000-11-02,2000-11-08 03:00:00,144,144,147,0.03,1.466,0.5,0.03,6.2,6.17,0.1802444458007812,-0.1502444458007812,1.2857555541992187,0.1502444458007812,1.2857555541992187,False,0,normal,11,post_monsoon,-1.436,3.939974457215836,3.939974457215836,1.466,0.5113618,1
Chennai,13.0827,80.2707,2000-11-02,2000-11-08 09:00:00,150,150,153,0.0,0.91,0.1,0.0,2.95,2.95,0.0004768371582031,-0.0004768371582031,0.9095231628417968,0.0004768371582031,0.9095231628417968,False,0,normal,11,post_monsoon,-0.91,2.9207920792079207,2.9207920792079207,0.91,0.016891997,0
Chennai,13.0827,80.2707,2000-11-02,2000-11-08 15:00:00,156,156,159,0.09,0.158,0.1,0.0,0.5,0.5,0.0014305114746093,0.0885694885253906,0.1565694885253907,0.0885694885253906,0.1565694885253907,False,0,normal,11,post_monsoon,-0.068,1.937984496124031,1.937984496124031,0.158,0.09488588,0
Chennai,13.0827,80.2707,2000-11-02,2000-11-08 21:00:00,162,162,165,0.03,0.5860000000000001,0.0,0.0,2.9000000000000004,2.9000000000000004,0.0653266906738281,-0.0353266906738281,0.520673309326172,0.0353266906738281,0.520673309326172,False,0,normal,11,post_monsoon,-0.556,4.227405247813412,4.227405247813412,0.5860000000000001,0.012942353,0
Chennai,13.0827,80.2707,2000-11-02,2000-11-09 03:00:00,168,168,171,0.0,1.6,0.6000000000000001,0.0,4.800000000000001,4.800000000000001,0.1745223999023437,-0.1745223999023437,1.4254776000976563,0.1745223999023437,1.4254776000976563,False,0,normal,11,post_monsoon,-1.6,2.823529411764706,2.823529411764706,1.6,0.05015142,0
Chennai,13.0827,80.2707,2000-11-02,2000-11-09 09:00:00,174,174,177,0.0,1.6800000000000002,0.4,0.0,4.2,4.2,0.125885009765625,-0.125885009765625,1.5541149902343752,0.125885009765625,1.5541149902343752,False,0,normal,11,post_monsoon,-1.6800000000000002,2.359550561797753,2.359550561797753,1.6800000000000002,0.022553302,0
Chennai,13.0827,80.2707,2000-11-02,2000-11-09 15:00:00,180,180,183,0.02,0.8640000000000001,0.8,0.0,2.3000000000000003,2.3000000000000003,0.1325607299804687,-0.1125607299804686,0.7314392700195314,0.1125607299804686,0.7314392700195314,False,0,normal,11,post_monsoon,-0.8440000000000001,2.385892116182573,2.385892116182573,0.8640000000000001,0.09382894,0
Chennai,13.0827,80.2707,2000-11-02,2000-11-09 21:00:00,186,186,189,0.03,0.206,0.03,0.0,0.5,0.5,0.640869140625,-0.610869140625,-0.434869140625,0.610869140625,0.434869140625,False,0,normal,11,post_monsoon,-0.176,1.6339869281045751,1.6339869281045751,0.206,0.00765554,0
Chennai,13.0827,80.2707,2000-11-02,2000-11-10 03:00:00,192,192,195,0.1,0.6000000000000001,0.1,0.0,2.8000000000000003,2.8000000000000003,0.0901222229003906,0.0098777770996094,0.5098777770996095,0.0098777770996094,0.5098777770996095,False,0,normal,11,post_monsoon,-0.5000000000000001,4.0,4.0,0.6000000000000001,0.014022265,0
Chennai,13.0827,80.2707,2000-11-02,2000-11-10 09:00:00,198,198,201,0.0,0.24,0.0,0.0,0.7000000000000001,0.7000000000000001,0.0162124633789062,-0.0162124633789062,0.2237875366210938,0.0162124633789062,0.2237875366210938,False,0,normal,11,post_monsoon,-0.24,2.058823529411765,2.058823529411765,0.24,0.01291271,0
Chennai,13.0827,80.2707,2000-11-02,2000-11-10 15:00:00,204,204,207,0.11,0.6559999999999999,0.11,0.0,2.77,2.77,0.0238418579101562,0.0861581420898437,0.6321581420898437,0.0861581420898437,0.6321581420898437,False,0,normal,11,post_monsoon,-0.5459999999999999,3.6640211640211646,3.6640211640211646,0.6559999999999999,0.015939903,0
Chennai,13.0827,80.2707,2000-11-02,2000-11-10 21:00:00,210,210,213,0.47,0.434,0.47,0.0,1.0,1.0,0.1807212829589843,0.2892787170410157,0.2532787170410157,0.2892787170410157,0.2532787170410157,False,0,normal,11,post_monsoon,0.0359999999999999,1.8726591760299625,1.8726591760299625,0.434,0.13954838,0
Chennai,13.0827,80.2707,2000-11-02,2000-11-11 03:00:00,216,216,219,0.6000000000000001,0.2,0.1,0.0,0.6000000000000001,0.6000000000000001,0.5450248718261719,0.0549751281738282,-0.3450248718261718,0.0549751281738282,0.3450248718261718,False,0,normal,11,post_monsoon,0.4000000000000001,2.0,2.0,0.2,0.00648316,0
Chennai,13.0827,80.2707,2000-11-02,2000-11-11 09:00:00,222,222,225,0.74,0.148,0.0,0.0,0.74,0.74,1.0929107666015625,-0.3529107666015625,-0.9449107666015624,0.3529107666015625,0.9449107666015624,True,0,normal,11,post_monsoon,0.592,2.9838709677419355,2.9838709677419355,0.148,0.0069063785,0
Chennai,13.0827,80.2707,2000-11-02,2000-11-11 15:00:00,228,228,231,0.04,0.052,0.02,0.0,0.2,0.2,0.3385543823242187,-0.2985543823242187,-0.2865543823242187,0.2985543823242187,0.2865543823242187,False,0,normal,11,post_monsoon,-0.0119999999999999,1.3157894736842106,1.3157894736842106,0.052,0.0054817856,0
Chennai,13.0827,80.2707,2000-11-02,2000-11-11 21:00:00,234,234,237,0.3,0.32,0.0,0.0,1.3,1.3,0.1835823059082031,0.1164176940917968,0.1364176940917969,0.1164176940917968,0.1364176940917969,False,0,normal,11,post_monsoon,-0.02,3.095238095238095,3.095238095238095,0.32,0.01565028,0
Chennai,13.0827,80.2707,2000-11-20,2000-11-20 03:00:00,0,0,3,0.0,0.0,0.0,0.0,0.0,0.0,0.0,0.0,0.0,0.0,0.0,False,0,normal,11,post_monsoon,0.0,0.0,0.0,0.0,0.038218882,0
Chennai,13.0827,80.2707,2000-11-20,2000-11-20 09:00:00,6,6,9,0.0,0.0,0.0,0.0,0.0,0.0,0.0004768371582031,-0.0004768371582031,-0.0004768371582031,0.0004768371582031,0.0004768371582031,False,0,normal,11,post_monsoon,0.0,0.0,0.0,0.0,0.036984976,0
Chennai,13.0827,80.2707,2000-11-20,2000-11-20 15:00:00,12,12,15,0.0,0.0,0.0,0.0,0.0,0.0,0.0667572021484375,-0.0667572021484375,-0.0667572021484375,0.0667572021484375,0.0667572021484375,False,0,normal,11,post_monsoon,0.0,0.0,0.0,0.0,0.03819063,0
Chennai,13.0827,80.2707,2000-11-20,2000-11-20 21:00:00,18,18,21,0.5,0.8,0.7000000000000001,0.5,1.2000000000000002,0.7000000000000002,1.007080078125,-0.507080078125,-0.2070800781249999,0.507080078125,0.2070800781249999,True,0,normal,11,post_monsoon,-0.3,0.7777777777777779,0.7777777777777779,0.8,0.5086102,1
Chennai,13.0827,80.2707,2000-11-20,2000-11-21 03:00:00,24,24,27,1.2000000000000002,1.334,1.2000000000000002,0.9,2.2,1.3000000000000005,0.2870559692382812,0.9129440307617188,1.0469440307617188,0.9129440307617188,1.0469440307617188,True,0,normal,11,post_monsoon,-0.1339999999999999,0.9065550906555092,0.9065550906555092,1.334,0.5627609,1
Chennai,13.0827,80.2707,2000-11-20,2000-11-21 09:00:00,30,30,33,0.0,0.156,0.06,0.0,0.4,0.4,0.4172325134277344,-0.4172325134277344,-0.2612325134277343,0.4172325134277344,0.2612325134277343,False,0,normal,11,post_monsoon,-0.156,1.5625,1.5625,0.156,0.038769927,0
Chennai,13.0827,80.2707,2000-11-20,2000-11-21 15:00:00,36,36,39,0.14,0.8940000000000001,0.4,0.14,2.2,2.06,0.0514984130859375,0.0885015869140625,0.8425015869140626,0.0885015869140625,0.8425015869140626,False,0,normal,11,post_monsoon,-0.7540000000000001,2.0724346076458757,2.0724346076458757,0.8940000000000001,0.09648199,0
Chennai,13.0827,80.2707,2000-11-20,2000-11-21 21:00:00,42,42,45,0.5,0.98,0.5,0.3,2.2,1.9,0.2889633178710937,0.2110366821289063,0.6910366821289062,0.2110366821289063,0.6910366821289062,False,0,normal,11,post_monsoon,-0.48,1.759259259259259,1.759259259259259,0.98,0.36273333,0
Chennai,13.0827,80.2707,2000-11-20,2000-11-22 03:00:00,48,48,51,0.9,1.148,0.9,0.4,2.63,2.23,0.9589195251464844,-0.0589195251464843,0.1890804748535155,0.0589195251464843,0.1890804748535155,False,0,normal,11,post_monsoon,-0.2479999999999999,1.7868589743589745,1.7868589743589745,1.148,0.61287117,1
Chennai,13.0827,80.2707,2000-11-20,2000-11-22 09:00:00,54,54,57,0.14,1.2739999999999998,0.14,0.02,3.8,3.78,1.109600067138672,-0.969600067138672,0.1643999328613277,0.969600067138672,0.1643999328613277,True,0,normal,11,post_monsoon,-1.134,2.7510917030567685,2.7510917030567685,1.2739999999999998,0.05934892,0
Chennai,13.0827,80.2707,2000-11-20,2000-11-22 15:00:00,60,60,63,0.2,0.8480000000000001,1.1,0.0,1.7000000000000002,1.7000000000000002,1.0838508605957031,-0.8838508605957032,-0.235850860595703,0.8838508605957032,0.235850860595703,True,0,normal,11,post_monsoon,-0.6480000000000001,1.7932489451476794,1.7932489451476794,0.8480000000000001,0.17776456,0
Chennai,13.0827,80.2707,2000-11-20,2000-11-22 21:00:00,66,66,69,0.15,1.35,0.5,0.0,3.4000000000000004,3.4000000000000004,1.2516975402832031,-1.1016975402832032,0.0983024597167969,1.1016975402832032,0.0983024597167969,True,0,normal,11,post_monsoon,-1.2000000000000002,2.3448275862068964,2.3448275862068964,1.35,0.21798381,0
Chennai,13.0827,80.2707,2000-11-20,2000-11-23 03:00:00,72,72,75,0.6000000000000001,2.24,1.2000000000000002,0.0,5.300000000000001,5.300000000000001,0.3132820129394531,0.2867179870605469,1.926717987060547,0.2867179870605469,1.926717987060547,False,0,normal,11,post_monsoon,-1.64,2.264957264957265,2.264957264957265,2.24,0.6401703,1
Chennai,13.0827,80.2707,2000-11-20,2000-11-23 09:00:00,78,78,81,4.24,3.828,4.24,0.04,9.1,9.06,0.8292198181152344,3.410780181884766,2.998780181884765,3.410780181884766,2.998780181884765,True,1,false_alarm,11,post_monsoon,0.4120000000000003,2.3065173116089617,2.3065173116089617,3.828,0.9858971,1
Chennai,13.0827,80.2707,2000-11-20,2000-11-23 15:00:00,84,84,87,1.68,4.862,1.68,0.02,18.4,18.38,0.1926422119140625,1.4873577880859374,4.669357788085938,1.4873577880859374,4.669357788085938,True,0,normal,11,post_monsoon,-3.1820000000000004,3.704151551793632,3.704151551793632,4.862,0.98340994,1
Chennai,13.0827,80.2707,2000-11-20,2000-11-23 21:00:00,90,90,93,5.7700000000000005,3.4940000000000007,3.6,0.1,6.800000000000001,6.700000000000001,0.6861686706542969,5.083831329345704,2.807831329345704,5.083831329345704,2.807831329345704,True,1,false_alarm,11,post_monsoon,2.276,1.8642181413466887,1.8642181413466887,3.4940000000000007,0.9935948,1
Chennai,13.0827,80.2707,2000-11-20,2000-11-24 03:00:00,96,96,99,2.5,3.3,3.3000000000000003,2.5,4.3,1.7999999999999998,0.0720024108886718,2.427997589111328,3.227997589111328,2.427997589111328,3.227997589111328,True,1,false_alarm,11,post_monsoon,-0.7999999999999998,0.5294117647058824,0.5294117647058824,3.3,0.9469476,1
Chennai,13.0827,80.2707,2000-11-20,2000-11-24 09:00:00,102,102,105,5.49,1.942,1.5,0.04,5.49,5.45,0.0834465026855468,5.406553497314453,1.858553497314453,5.406553497314453,1.858553497314453,True,1,false_alarm,11,post_monsoon,3.548,2.668952007835456,2.668952007835456,1.942,0.9957094,1
Chennai,13.0827,80.2707,2000-11-20,2000-11-24 15:00:00,108,108,111,4.0600000000000005,2.2960000000000003,1.7000000000000002,0.7000000000000001,4.0600000000000005,3.3600000000000003,0.0,4.0600000000000005,2.2960000000000003,4.0600000000000005,2.2960000000000003,True,1,false_alarm,11,post_monsoon,1.7640000000000002,1.4023372287145242,1.4023372287145242,2.2960000000000003,0.99040926,1
Chennai,13.0827,80.2707,2000-11-20,2000-11-24 21:00:00,114,114,117,4.0,3.688,4.0,0.1,6.74,6.640000000000001,0.0,4.0,3.688,4.0,3.688,True,1,false_alarm,11,post_monsoon,0.3119999999999998,1.7529039070749737,1.7529039070749737,3.688,0.9897657,1
Chennai,13.0827,80.2707,2000-11-20,2000-11-25 03:00:00,120,120,123,5.3100000000000005,2.6580000000000004,2.23,0.1,5.3100000000000005,5.210000000000001,0.0472068786621093,5.262793121337891,2.610793121337891,5.262793121337891,2.610793121337891,True,1,false_alarm,11,post_monsoon,2.652,1.889050036258158,1.889050036258158,2.6580000000000004,0.99504733,1
Chennai,13.0827,80.2707,2000-11-20,2000-11-25 09:00:00,126,126,129,3.66,0.858,0.23,0.0,3.66,3.66,0.0,3.66,0.858,3.66,0.858,True,1,false_alarm,11,post_monsoon,2.802,3.820459290187892,3.820459290187892,0.858,0.9914909,1
Chennai,13.0827,80.2707,2000-11-20,2000-11-25 15:00:00,132,132,135,1.93,0.4639999999999999,0.1,0.0,1.93,1.93,0.0,1.93,0.4639999999999999,1.93,0.4639999999999999,True,1,false_alarm,11,post_monsoon,1.466,3.421985815602837,3.421985815602837,0.4639999999999999,0.98974484,1
Chennai,13.0827,80.2707,2000-11-20,2000-11-25 21:00:00,138,138,141,3.2,0.656,0.01,0.0,3.2,3.2,0.0,3.2,0.656,3.2,0.656,True,1,false_alarm,11,post_monsoon,2.544,4.232804232804233,4.232804232804233,0.656,0.99006873,1
Chennai,13.0827,80.2707,2000-11-20,2000-11-26 03:00:00,144,144,147,3.4000000000000004,0.7200000000000001,0.0,0.0,3.4000000000000004,3.4000000000000004,0.0,3.4000000000000004,0.7200000000000001,3.4000000000000004,0.7200000000000001,True,1,false_alarm,11,post_monsoon,2.68,4.146341463414634,4.146341463414634,0.7200000000000001,0.991322,1
Chennai,13.0827,80.2707,2000-11-20,2000-11-26 09:00:00,150,150,153,7.0,1.54,0.0,0.0,7.0,7.0,0.0,7.0,1.54,7.0,1.54,True,1,false_alarm,11,post_monsoon,5.46,4.268292682926829,4.268292682926829,1.54,0.99312073,1
Chennai,13.0827,80.2707,2000-11-20,2000-11-26 15:00:00,156,156,159,5.300000000000001,1.6200000000000003,0.0,0.0,5.300000000000001,5.300000000000001,0.0,5.300000000000001,1.6200000000000003,5.300000000000001,1.6200000000000003,True,1,false_alarm,11,post_monsoon,3.6800000000000006,3.081395348837209,3.081395348837209,1.6200000000000003,0.9886457,1
Chennai,13.0827,80.2707,2000-11-20,2000-11-26 21:00:00,162,162,165,6.4,1.664,0.02,0.0,6.4,6.4,0.0,6.4,1.664,6.4,1.664,True,1,false_alarm,11,post_monsoon,4.736000000000001,3.6281179138322,3.6281179138322,1.664,0.9137928,1
Chennai,13.0827,80.2707,2000-11-20,2000-11-27 03:00:00,168,168,171,0.0,1.842,0.0,0.0,9.2,9.2,0.0,0.0,1.842,0.0,1.842,False,0,normal,11,post_monsoon,-1.842,4.737384140061791,4.737384140061791,1.842,0.010340038,0
Chennai,13.0827,80.2707,2000-11-20,2000-11-27 09:00:00,174,174,177,0.17,3.604000000000001,0.0,0.0,17.85,17.85,0.0,0.17,3.604000000000001,0.17,3.604000000000001,False,0,normal,11,post_monsoon,-3.434000000000001,4.819114470842331,4.819114470842331,3.604000000000001,0.068790264,0
Chennai,13.0827,80.2707,2000-11-20,2000-11-27 15:00:00,180,180,183,1.86,12.5,0.1,0.0,60.54,60.54,0.0009536743164062,1.8590463256835936,12.499046325683594,1.8590463256835936,12.499046325683594,True,1,false_alarm,11,post_monsoon,-10.64,4.804761904761905,4.804761904761905,12.5,0.67950803,1
Chennai,13.0827,80.2707,2000-11-20,2000-11-27 21:00:00,186,186,189,0.28,3.74,0.2,0.0,18.2,18.2,0.0,0.28,3.74,0.28,3.74,False,0,normal,11,post_monsoon,-3.46,4.739583333333333,4.739583333333333,3.74,0.10106459,0
Chennai,13.0827,80.2707,2000-11-20,2000-11-28 03:00:00,192,192,195,0.5,2.4400000000000004,0.5,0.0,10.8,10.8,0.0185966491699218,0.4814033508300782,2.4214033508300785,0.4814033508300782,2.4214033508300785,False,0,normal,11,post_monsoon,-1.9400000000000004,4.251968503937007,4.251968503937007,2.4400000000000004,0.65596855,1
Chennai,13.0827,80.2707,2000-11-20,2000-11-28 09:00:00,198,198,201,0.15,3.01,0.15,0.0,14.1,14.1,3.8809776306152335,-3.7309776306152336,-0.8709776306152337,3.7309776306152336,0.8709776306152337,True,1,missed_event,11,post_monsoon,-2.86,4.533762057877814,4.533762057877814,3.01,0.07770924,0
Chennai,13.0827,80.2707,2000-11-20,2000-11-28 15:00:00,204,204,207,0.48,1.7160000000000004,0.48,0.0,5.800000000000001,5.800000000000001,3.694534301757813,-3.214534301757813,-1.9785343017578123,3.214534301757813,1.9785343017578123,True,1,missed_event,11,post_monsoon,-1.2360000000000004,3.193832599118942,3.193832599118942,1.7160000000000004,0.24002168,0
Chennai,13.0827,80.2707,2000-11-20,2000-11-28 21:00:00,210,210,213,0.54,1.1880000000000002,0.7000000000000001,0.0,3.0,3.0,5.621433258056641,-5.081433258056641,-4.43343325805664,5.081433258056641,4.43343325805664,True,1,missed_event,11,post_monsoon,-0.6480000000000001,2.3291925465838506,2.3291925465838506,1.1880000000000002,0.38235727,0
Chennai,13.0827,80.2707,2000-11-20,2000-11-29 03:00:00,216,216,219,0.3,0.52,0.3,0.0,1.6,1.6,2.2382736206054688,-1.9382736206054687,-1.7182736206054687,1.9382736206054687,1.7182736206054687,True,1,missed_event,11,post_monsoon,-0.22,2.580645161290323,2.580645161290323,0.52,0.025049929,0
Chennai,13.0827,80.2707,2000-11-20,2000-11-29 09:00:00,222,222,225,0.0,1.182,0.0,0.0,5.3100000000000005,5.3100000000000005,1.3666152954101562,-1.3666152954101562,-0.1846152954101563,1.3666152954101562,0.1846152954101563,True,0,normal,11,post_monsoon,-1.182,4.1419656786271455,4.1419656786271455,1.182,0.007056702,0
Chennai,13.0827,80.2707,2000-11-20,2000-11-29 15:00:00,228,228,231,0.0,1.38,0.4,0.0,3.9,3.9,2.9001235961914062,-2.9001235961914062,-1.5201235961914064,2.9001235961914062,1.5201235961914064,True,1,missed_event,11,post_monsoon,-1.38,2.635135135135135,2.635135135135135,1.38,0.02543995,0
Chennai,13.0827,80.2707,2000-11-20,2000-11-29 21:00:00,234,234,237,0.9,1.4600000000000002,0.9,0.0,3.5,3.5,5.3348541259765625,-4.434854125976562,-3.8748541259765625,4.434854125976562,3.8748541259765625,True,1,missed_event,11,post_monsoon,-0.5600000000000002,2.243589743589743,2.243589743589743,1.4600000000000002,0.44306517,0
Chennai,13.0827,80.2707,2000-12-08,2000-12-08 03:00:00,0,0,3,0.0,0.0,0.0,0.0,0.0,0.0,0.0023841857910156,-0.0023841857910156,-0.0023841857910156,0.0023841857910156,0.0023841857910156,False,0,normal,12,winter,0.0,0.0,0.0,0.0,0.038218882,0
Chennai,13.0827,80.2707,2000-12-08,2000-12-08 09:00:00,6,6,9,0.01,0.002,0.0,0.0,0.01,0.01,0.0,0.01,0.002,0.01,0.002,False,0,normal,12,winter,0.008,0.0980392156862745,0.0980392156862745,0.002,0.051614657,0
Chennai,13.0827,80.2707,2000-12-08,2000-12-08 15:00:00,12,12,15,0.0,0.0,0.0,0.0,0.0,0.0,0.0,0.0,0.0,0.0,0.0,False,0,normal,12,winter,0.0,0.0,0.0,0.0,0.03819063,0
Chennai,13.0827,80.2707,2000-12-08,2000-12-08 21:00:00,18,18,21,0.0,0.0,0.0,0.0,0.0,0.0,0.0,0.0,0.0,0.0,0.0,False,0,normal,12,winter,0.0,0.0,0.0,0.0,0.25447884,0
Chennai,13.0827,80.2707,2000-12-08,2000-12-09 03:00:00,24,24,27,0.0,0.0,0.0,0.0,0.0,0.0,0.0,0.0,0.0,0.0,0.0,False,0,normal,12,winter,0.0,0.0,0.0,0.0,0.025035977,0
Chennai,13.0827,80.2707,2000-12-08,2000-12-09 09:00:00,30,30,33,0.0,0.0,0.0,0.0,0.0,0.0,0.0,0.0,0.0,0.0,0.0,False,0,normal,12,winter,0.0,0.0,0.0,0.0,0.025035977,0
Chennai,13.0827,80.2707,2000-12-08,2000-12-09 15:00:00,36,36,39,0.0,0.0,0.0,0.0,0.0,0.0,0.0,0.0,0.0,0.0,0.0,False,0,normal,12,winter,0.0,0.0,0.0,0.0,0.03353584,0
Chennai,13.0827,80.2707,2000-12-08,2000-12-09 21:00:00,42,42,45,0.0,0.0,0.0,0.0,0.0,0.0,0.0,0.0,0.0,0.0,0.0,False,0,normal,12,winter,0.0,0.0,0.0,0.0,0.0311782,0
Chennai,13.0827,80.2707,2000-12-08,2000-12-10 03:00:00,48,48,51,0.0,0.0,0.0,0.0,0.0,0.0,0.0009536743164062,-0.0009536743164062,-0.0009536743164062,0.0009536743164062,0.0009536743164062,False,0,normal,12,winter,0.0,0.0,0.0,0.0,0.0311782,0
Chennai,13.0827,80.2707,2000-12-08,2000-12-10 09:00:00,54,54,57,0.0,0.0,0.0,0.0,0.0,0.0,0.0,0.0,0.0,0.0,0.0,False,0,normal,12,winter,0.0,0.0,0.0,0.0,0.031467065,0
Chennai,13.0827,80.2707,2000-12-08,2000-12-10 15:00:00,60,60,63,0.0,0.0,0.0,0.0,0.0,0.0,0.0,0.0,0.0,0.0,0.0,False,0,normal,12,winter,0.0,0.0,0.0,0.0,0.030330792,0
Chennai,13.0827,80.2707,2000-12-08,2000-12-10 21:00:00,66,66,69,0.0,0.0,0.0,0.0,0.0,0.0,0.0,0.0,0.0,0.0,0.0,False,0,normal,12,winter,0.0,0.0,0.0,0.0,0.030330792,0
Chennai,13.0827,80.2707,2000-12-08,2000-12-11 03:00:00,72,72,75,0.0,0.0,0.0,0.0,0.0,0.0,0.0,0.0,0.0,0.0,0.0,False,0,normal,12,winter,0.0,0.0,0.0,0.0,0.030330792,0
Chennai,13.0827,80.2707,2000-12-08,2000-12-11 09:00:00,78,78,81,0.0,0.0,0.0,0.0,0.0,0.0,0.0,0.0,0.0,0.0,0.0,False,0,normal,12,winter,0.0,0.0,0.0,0.0,0.030330792,0
Chennai,13.0827,80.2707,2000-12-08,2000-12-11 15:00:00,84,84,87,0.0,0.0,0.0,0.0,0.0,0.0,0.0,0.0,0.0,0.0,0.0,False,0,normal,12,winter,0.0,0.0,0.0,0.0,0.06823986,0
Chennai,13.0827,80.2707,2000-12-08,2000-12-11 21:00:00,90,90,93,0.0,0.0,0.0,0.0,0.0,0.0,0.0,0.0,0.0,0.0,0.0,False,0,normal,12,winter,0.0,0.0,0.0,0.0,0.0628081,0
Chennai,13.0827,80.2707,2000-12-08,2000-12-12 03:00:00,96,96,99,0.0,0.0,0.0,0.0,0.0,0.0,0.0,0.0,0.0,0.0,0.0,False,0,normal,12,winter,0.0,0.0,0.0,0.0,0.0628081,0
Chennai,13.0827,80.2707,2000-12-08,2000-12-12 09:00:00,102,102,105,0.0,0.0,0.0,0.0,0.0,0.0,0.0,0.0,0.0,0.0,0.0,False,0,normal,12,winter,0.0,0.0,0.0,0.0,0.10179745,0
Chennai,13.0827,80.2707,2000-12-08,2000-12-12 15:00:00,108,108,111,0.0,0.0,0.0,0.0,0.0,0.0,0.0,0.0,0.0,0.0,0.0,False,0,normal,12,winter,0.0,0.0,0.0,0.0,0.05906136,0
Chennai,13.0827,80.2707,2000-12-08,2000-12-12 21:00:00,114,114,117,0.0,0.0,0.0,0.0,0.0,0.0,0.0,0.0,0.0,0.0,0.0,False,0,normal,12,winter,0.0,0.0,0.0,0.0,0.05906136,0
Chennai,13.0827,80.2707,2000-12-08,2000-12-13 03:00:00,120,120,123,0.0,0.0,0.0,0.0,0.0,0.0,0.0,0.0,0.0,0.0,0.0,False,0,normal,12,winter,0.0,0.0,0.0,0.0,0.05906136,0
Chennai,13.0827,80.2707,2000-12-08,2000-12-13 09:00:00,126,126,129,0.0,0.0,0.0,0.0,0.0,0.0,0.0,0.0,0.0,0.0,0.0,False,0,normal,12,winter,0.0,0.0,0.0,0.0,0.05906136,0
Chennai,13.0827,80.2707,2000-12-08,2000-12-13 15:00:00,132,132,135,0.0,0.0,0.0,0.0,0.0,0.0,0.0,0.0,0.0,0.0,0.0,False,0,normal,12,winter,0.0,0.0,0.0,0.0,0.05895839,0
Chennai,13.0827,80.2707,2000-12-08,2000-12-13 21:00:00,138,138,141,0.0,0.0,0.0,0.0,0.0,0.0,0.0,0.0,0.0,0.0,0.0,False,0,normal,12,winter,0.0,0.0,0.0,0.0,0.05895839,0
Chennai,13.0827,80.2707,2000-12-08,2000-12-14 03:00:00,144,144,147,0.0,0.0,0.0,0.0,0.0,0.0,0.0,0.0,0.0,0.0,0.0,False,0,normal,12,winter,0.0,0.0,0.0,0.0,0.085583344,0
Chennai,13.0827,80.2707,2000-12-08,2000-12-14 09:00:00,150,150,153,0.0,0.0,0.0,0.0,0.0,0.0,0.0,0.0,0.0,0.0,0.0,False,0,normal,12,winter,0.0,0.0,0.0,0.0,0.08816292,0
Chennai,13.0827,80.2707,2000-12-08,2000-12-14 15:00:00,156,156,159,0.0,0.0,0.0,0.0,0.0,0.0,0.0,0.0,0.0,0.0,0.0,False,0,normal,12,winter,0.0,0.0,0.0,0.0,0.34331918,0
Chennai,13.0827,80.2707,2000-12-08,2000-12-14 21:00:00,162,162,165,0.0,0.0,0.0,0.0,0.0,0.0,0.0,0.0,0.0,0.0,0.0,False,0,normal,12,winter,0.0,0.0,0.0,0.0,0.0113591915,0
Chennai,13.0827,80.2707,2000-12-08,2000-12-15 03:00:00,168,168,171,0.0,0.0,0.0,0.0,0.0,0.0,0.0,0.0,0.0,0.0,0.0,False,0,normal,12,winter,0.0,0.0,0.0,0.0,0.0113591915,0
Chennai,13.0827,80.2707,2000-12-08,2000-12-15 09:00:00,174,174,177,0.0,0.0,0.0,0.0,0.0,0.0,0.0,0.0,0.0,0.0,0.0,False,0,normal,12,winter,0.0,0.0,0.0,0.0,0.0113591915,0
Chennai,13.0827,80.2707,2000-12-08,2000-12-15 15:00:00,180,180,183,0.0,0.0,0.0,0.0,0.0,0.0,0.0,0.0,0.0,0.0,0.0,False,0,normal,12,winter,0.0,0.0,0.0,0.0,0.0113591915,0
Chennai,13.0827,80.2707,2000-12-08,2000-12-15 21:00:00,186,186,189,0.0,0.0,0.0,0.0,0.0,0.0,0.0,0.0,0.0,0.0,0.0,False,0,normal,12,winter,0.0,0.0,0.0,0.0,0.0113591915,0
Chennai,13.0827,80.2707,2000-12-08,2000-12-16 03:00:00,192,192,195,0.0,0.0,0.0,0.0,0.0,0.0,0.0,0.0,0.0,0.0,0.0,False,0,normal,12,winter,0.0,0.0,0.0,0.0,0.0113591915,0
Chennai,13.0827,80.2707,2000-12-08,2000-12-16 09:00:00,198,198,201,0.0,0.0,0.0,0.0,0.0,0.0,0.0,0.0,0.0,0.0,0.0,False,0,normal,12,winter,0.0,0.0,0.0,0.0,0.0113591915,0
Chennai,13.0827,80.2707,2000-12-08,2000-12-16 15:00:00,204,204,207,0.0,0.0,0.0,0.0,0.0,0.0,0.0,0.0,0.0,0.0,0.0,False,0,normal,12,winter,0.0,0.0,0.0,0.0,0.0113591915,0
Chennai,13.0827,80.2707,2000-12-08,2000-12-16 21:00:00,210,210,213,0.0,0.002,0.0,0.0,0.01,0.01,0.0,0.0,0.002,0.0,0.002,False,0,normal,12,winter,-0.002,0.0980392156862745,0.0980392156862745,0.002,0.008381948,0
Chennai,13.0827,80.2707,2000-12-08,2000-12-17 03:00:00,216,216,219,0.0,0.0,0.0,0.0,0.0,0.0,0.0,0.0,0.0,0.0,0.0,False,0,normal,12,winter,0.0,0.0,0.0,0.0,0.012102124,0
Chennai,13.0827,80.2707,2000-12-08,2000-12-17 09:00:00,222,222,225,0.0,0.002,0.0,0.0,0.01,0.01,0.0,0.0,0.002,0.0,0.002,False,0,normal,12,winter,-0.002,0.0980392156862745,0.0980392156862745,0.002,0.0089319255,0
Chennai,13.0827,80.2707,2000-12-08,2000-12-17 15:00:00,228,228,231,0.0,0.0,0.0,0.0,0.0,0.0,0.0,0.0,0.0,0.0,0.0,False,0,normal,12,winter,0.0,0.0,0.0,0.0,0.012102124,0
Chennai,13.0827,80.2707,2000-12-08,2000-12-17 21:00:00,234,234,237,0.0,0.0,0.0,0.0,0.0,0.0,0.0,0.0,0.0,0.0,0.0,False,0,normal,12,winter,0.0,0.0,0.0,0.0,0.01296155,0
